Id2,Geography,Estimate; White alone,Estimate; Black or African American alone,Estimate; American Indian and Alaska Native alone,Estimate; Asian alone,"Households; Estimate; Total - Less than $10,000","Households; Estimate; Total - $10,000 to $14,999","Households; Estimate; Total - $15,000 to $24,999","Households; Estimate; Total - $25,000 to $34,999","Households; Estimate; Total - $35,000 to $49,999","Households; Estimate; Total - $50,000 to $74,999","Households; Estimate; Total - $75,000 to $99,999","Households; Estimate; Total - $100,000 to $149,999","Households; Estimate; Total - $150,000 to $199,999","Households; Estimate; Total - $200,000 or more",Total; Estimate; Households - POVERTY STATUS IN THE PAST 12 MONTHS - Below poverty level,In labor force; Estimate; Population 16 years and over,Total; Estimate; Population 25 years and over - Less than 9th grade,"Total; Estimate; Population 25 years and over - 9th to 12th grade, no diploma",Total; Estimate; Population 25 years and over - High school graduate (includes equivalency),"Total; Estimate; Population 25 years and over - Some college, no degree",Total; Estimate; Population 25 years and over - Associate's degree,Total; Estimate; Population 25 years and over - Bachelor's degree,Total; Estimate; Population 25 years and over - Graduate or professional degree,Total; Estimate; Total population - AGE - 5 to 9 years,Total; Estimate; Total population - AGE - 10 to 14 years,Total; Estimate; Total population - AGE - 15 to 19 years,Total; Estimate; Total population - AGE - 20 to 24 years,Total; Estimate; Total population - AGE - 25 to 29 years,Total; Estimate; Total population - AGE - 30 to 34 years,Total; Estimate; Total population - AGE - 35 to 39 years,Total; Estimate; Total population - AGE - 40 to 44 years,Total; Estimate; Total population - AGE - 45 to 49 years,Total; Estimate; Total population - AGE - 50 to 54 years,Total; Estimate; Total population - AGE - 55 to 59 years,Total; Estimate; Total population - AGE - 60 to 64 years,Total; Estimate; Total population - AGE - 65 to 69 years,Total; Estimate; Total population - AGE - 70 to 74 years,Total; Estimate; Total population - AGE - 75 to 79 years,Total; Estimate; Total population - AGE - 80 to 84 years,Total; Estimate; Total population - AGE - 85 years and over,Estimate; Total,Estimate; Foreign born:
10180,"Abilene, TX Metro Area",127657,11109,845,2060,7.6,7,14.6,13.8,17,19,10,7.7,1.7,1.7,14.4,61.6,6.9,10.9,30.5,24.5,6.4,14.9,5.9,6.6,6.3,8.1,8.9,8.4,6,5.8,6.3,6.6,6.2,5.3,4.4,3.5,3.4,3.1,1.8,1.7,159110,6437
10420,"Akron, OH Metro Area",591839,82017,1075,12112,8.3,5.8,10.6,11.3,15.5,19.1,12.4,10.6,3.4,2.8,13.2,67.1,2.4,8.2,34.6,20,7.2,18,9.7,6.2,6.7,7.3,7.2,6.1,5.8,6.7,7.3,8,7.6,6.5,5.1,3.6,3.2,2.7,2.2,1.8,700222,24624
10500,"Albany, GA Metro Area",77998,81129,359,1414,12,7.7,14.1,12.8,14.8,17.2,10.2,7.2,1.9,2.1,20,61.2,6.6,14.4,31.8,23.1,6.6,10.5,6.9,7.3,7.3,8.5,7.6,7,5.9,6.4,6.6,7.1,6.9,5.9,4.7,3.6,2.6,2.1,1.6,1.6,163716,3266
10580,"Albany-Schenectady-Troy, NY Metro Area",739514,58184,2304,23630,6.1,4.8,9.5,9.7,13.8,19.1,14.5,14.6,4.7,3.3,9.9,66.1,3.2,6.7,30.3,16.8,11,17.5,14.6,6,6.3,7.9,7.9,5.6,5.5,6.6,7.7,8,7.5,6.7,5.2,3.7,2.9,2.7,2.1,2.2,852162,53840
10740,"Albuquerque, NM Metro Area",571120,23354,50036,16275,8,5.9,11.6,11.8,15.3,18.8,11.9,10.6,3.6,2.5,14,65.7,5.8,8.4,25.7,23.4,7.2,16.8,12.6,6.7,6.8,6.8,7.1,7.9,6.9,6.6,7.1,7.4,6.9,6.1,4.7,3.4,2.7,2.3,1.7,1.6,831173,79622
10780,"Alexandria, LA Metro Area",103141,43307,1052,1275,9.6,8.3,14.4,12.3,14.9,17.1,10.7,8.6,2.4,1.8,16.7,59.6,5.7,12.8,35.6,21.6,5.8,12.4,6,7,7.3,7.2,6.6,6.8,6,6.3,7,7.4,6.9,5.9,5,4.2,3,2.8,1.9,1.5,151913,3383
10900,"Allentown-Bethlehem-Easton, PA-NJ Metro Area",697296,33426,1027,18622,4.7,5.1,10,9.9,14.1,20.4,14,13.8,4.5,3.4,8.4,65.1,4.3,9.2,36.1,16.7,8.1,16.2,9.4,6.3,6.5,7.2,6,5.6,5.8,6.9,7.7,8.2,7.5,6.3,5.1,3.8,3.2,3,2.5,2.3,803110,56347
11020,"Altoona, PA Metro Area",121981,1863,65,655,8.2,8.1,14.5,13.9,14.8,19.6,10.5,7.5,1.5,1.3,13.8,60.5,2.7,8.4,48.2,15.3,8.1,12.2,5,5.9,5.8,6.6,5.7,6.6,5.6,6,6.9,7.6,7.6,6.8,5.5,4.6,3.6,3.7,2.9,2.8,125984,1130
11100,"Amarillo, TX Metro Area",195061,13875,2004,4967,8.8,6.3,13.1,12.8,14.4,18.4,11.9,9.2,2.6,2.5,14.9,67.9,6.9,10.1,27,26.9,7.2,14.7,7.2,6.7,7.6,7.6,8.9,7,6.1,6.7,6.4,7.2,6.7,5.6,4.2,3.2,2.7,2.3,1.7,1.5,241859,19123
11180,"Ames, IA Metro Area",76462,1804,105,4741,9.5,6.5,12.3,11.4,14,16.9,12.9,11,3.3,2.2,19.4,70.7,1.6,3.3,21.6,19.2,8.9,26.5,18.9,4.6,4.7,11.2,24.9,6.3,4,4.7,5,5.4,5.6,4.6,3.3,2.5,2.4,2.2,1.5,1.8,84780,6215
11260,"Anchorage, AK Metro Area",266161,17384,19109,18783,3.5,3.3,6.6,8.3,12.7,19.6,16.2,17.7,6.9,5,7.2,72.4,2.8,5.6,25.9,28,8.2,19.3,10.3,7,7.3,7.7,8.7,8.2,6.8,7,7.4,8,7.5,5.9,3.9,2.4,1.8,1.2,0.7,0.7,362488,26228
11300,"Anderson, IN Metro Area",115917,9601,141,585,7.9,6.3,11.8,13,18.3,20.3,11.7,8,1.6,1.1,12.8,60.3,4,10.4,42.2,20.2,6.7,10.5,5.9,6.2,6.5,6.8,6.1,6.6,6.2,6.7,7.2,7.1,6.9,6.6,5.5,4.3,3.6,2.8,2.4,2.3,131015,1927
11340,"Anderson, SC Metro Area",145496,28695,187,1119,9.7,7,13.6,12.2,14.7,18.8,12.2,8,2.2,1.6,15.3,61.9,6.7,13.3,33.6,19.3,8.9,12.1,6.1,6.7,6.9,6.7,5.6,6.2,6.1,6.8,7.1,7.6,7,6.3,6,4.6,3.2,2.5,2.5,1.7,179914,4269
11460,"Ann Arbor, MI Metro Area",263616,41573,993,26293,8.4,4.9,9.1,9.2,11.9,17.6,12.4,15,6.1,5.4,14.1,65.2,2,5,17.3,18.9,6.7,24.1,26.1,5.6,5.9,9.3,14.2,5.8,6,7,7.2,7.1,6.7,5.7,4.3,2.8,2.1,1.6,1.4,1.2,346007,37788
11500,"Anniston-Oxford, AL Metro Area",86819,22155,600,899,12.1,8.1,13.3,12.7,14.9,18.1,9.9,7.3,2,1.5,18.2,59.1,7,14.6,34,20.5,6.4,10.4,7.1,6.8,6,6.6,6.7,7.4,6,5.9,7,7.2,7.2,6.7,5.2,4.1,3.7,3,2.2,1.7,112969,2606
11540,"Appleton, WI Metro Area",203834,1644,2723,5574,4.4,4.5,8.9,10.4,14.7,22.4,16.9,12.7,3,2.1,7.9,73.5,3,5.3,37.2,19.8,9.6,18.3,6.8,6.8,7.2,7.2,6.5,6.6,6.4,7.6,7.8,8.4,7.2,5.9,4,3.1,2.7,2.3,1.8,1.5,218014,7208
11700,"Asheville, NC Metro Area",363715,19952,1555,3204,7.2,7.1,13.7,12.7,15.8,19.4,11.4,8.2,2.3,2.4,12.8,61.1,5.4,9.3,28.1,21,8.7,17.7,9.8,5.5,6,5.8,5.6,6.1,6.1,6.2,7.2,7.3,7.3,6.9,6.3,5,4,3.6,2.9,2.4,402964,20081
12020,"Athens-Clarke County, GA Metro Area",138593,36569,248,4501,14.7,7.5,13,10.6,13,17.1,9.9,8.6,2.7,3,23.6,61.4,5.4,12.5,26,17.2,5,17.9,16,5.6,5.9,9.7,17.4,6.8,5.9,6,6,5.9,5.8,5.1,3.9,2.9,2.2,1.8,1.3,1.2,186196,14170
12060,"Atlanta-Sandy Springs-Marietta, GA Metro Area",3058293,1626141,13147,218919,5.9,4.2,8.6,9.7,14.3,19.5,13.4,13.9,5.2,5.2,10.5,70.2,5.1,8.5,26.2,19.9,6.4,22.4,11.6,7.5,7.4,7,6.3,7.6,7.8,8.4,8.2,7.7,6.6,5.5,4.1,2.7,2,1.5,1.1,1,5238994,661399
12100,"Atlantic City-Hammonton, NJ Metro Area",179203,44003,517,17392,7.1,4.6,9.4,10.4,13.9,19.3,14.2,13.6,4.2,3.3,10.8,66.1,5.7,9.9,34.9,18.8,6.9,16.3,7.4,6.2,6.8,7.1,5.9,6,5.8,6.8,7.7,8.3,7.4,6.2,5.3,4.2,3.3,2.8,1.9,1.8,270016,39241
12220,"Auburn-Opelika, AL Metro Area",95296,30317,386,2635,14.7,7.8,13.3,10.7,13.3,17.5,9.9,8.7,2.4,1.8,22.4,62,4.8,10.6,26.7,19.9,7.3,17.2,13.4,6.1,6.2,10.4,18.7,5.7,5.5,6.7,6,6.2,5.5,4.8,3.8,2.7,2.2,1.7,1,0.9,130669,5150
12260,"Augusta-Richmond County, GA-SC Metro Area",316694,187175,1458,8133,10.2,7.1,11.6,12.3,14.1,18.3,11.4,9.9,2.9,2.3,16.6,61.8,5.6,11.6,31.6,21,7.6,14.3,8.3,6.9,7.2,7.5,7.2,6.8,5.9,6.3,7.1,7.5,7.2,6.2,5,3.8,2.8,2.3,1.6,1.5,528641,18190
12420,"Austin-Round Rock, TX Metro Area",1134292,118954,7601,68910,6.4,4.1,8.8,10.2,14.4,18.8,13.2,14.1,5.1,5,11.8,72,7,6.7,20.4,21,6.2,25.6,13.1,7,6.5,6.6,8,10.2,9,8.2,7.3,7.1,6.1,4.9,3.6,2.4,1.8,1.4,1,1,1589393,228687
12540,"Bakersfield, CA Metro Area",504346,44601,7600,29393,6.8,7.4,12.7,11.4,15,17.6,11.6,11.3,3.5,2.5,17.5,59.5,14.7,13.9,27.5,22.2,7,9.9,4.7,8.3,8.7,8.3,7.7,7.6,6.8,6.7,7,6.9,5.9,4.7,3.6,2.9,2.1,1.6,1.3,1,780953,154648
12580,"Baltimore-Towson, MD Metro Area",1724441,757973,6603,98640,5.9,3.9,7.8,8.5,12.1,18.4,13.9,16.6,6.8,6,9.1,67.8,3.9,9.3,27.2,19.6,6.2,19.4,14.5,6.2,6.7,7.1,6.8,7.1,6.3,7,7.7,8.1,7.3,6.2,4.9,3.6,2.8,2.3,1.9,1.6,2669987,207895
12620,"Bangor, ME Metro Area",142414,1035,1243,1664,8.6,7.5,13.7,12.5,16.1,19.3,11.2,7.2,2.2,1.8,14.8,63.4,3.9,6.9,36.9,19.9,9.5,14.8,8.1,5.4,5.8,7.6,7.7,7.2,5.8,6,7.4,8.2,7.5,7.1,4.9,3.8,3.5,3,1.8,1.8,148501,3821
12700,"Barnstable Town, MA Metro Area",209764,4308,923,2081,4.7,4,9.1,9.3,14.1,19.8,14.8,14.2,5.4,4.6,6.9,60.8,1.5,4.1,25.8,19.5,9.4,24.2,15.5,4.7,5.3,6,5.1,3.4,3.6,5.6,6.7,8,7.9,8.1,7.5,6.4,5.6,5.2,3.5,3.1,222629,14570
12940,"Baton Rouge, LA Metro Area",471167,269592,1637,11903,9.9,6.2,12.1,10.8,14.1,17.2,11.9,11.5,3.4,2.9,16.8,64.8,5.2,10.8,33.5,21.8,4.1,16.3,8.4,6.9,7.1,8.2,10.1,6.6,6,6.4,7.2,7.2,6.8,5.7,4.5,3.3,2.4,1.9,1.5,1.2,766603,23718
12980,"Battle Creek, MI Metro Area",115357,14144,761,2155,8.7,7.3,13.3,12.7,15.7,19.2,10.7,8.6,2.3,1.6,15.4,62.5,3.5,10,34.1,25.2,8.4,12.5,6.4,6.2,6.9,7.4,6.4,6.5,5.9,6.4,6.9,7.6,7.2,6.6,5,4,3.4,2.7,2.1,2.1,136875,4804
13020,"Bay City, MI Metro Area",101358,1526,368,671,7.5,5.8,12.1,12.9,17.7,20.5,10.6,9.5,2,1.4,12.1,62.9,3.8,8.9,36.2,23.8,9.7,11.9,5.7,6.3,6.3,6.6,5.8,6.4,5.4,6,7.3,8,8,7.4,5.2,4.5,3.4,2.8,2.5,2.4,107778,2167
13140,"Beaumont-Port Arthur, TX Metro Area",249605,94333,1490,8061,9.3,7.4,12.6,12,13.9,18.3,11.6,9.9,3,1.8,16.1,58.4,5.9,11.1,36.1,23.6,6.9,11.5,4.9,6.8,6.9,7.2,7.2,7.2,6,6.2,7,7.6,7.3,5.9,4.6,3.7,3,2.6,2.2,1.7,377001,24355
13380,"Bellingham, WA Metro Area",169344,2015,5100,7049,8.3,6.2,11.4,11.5,14.5,19.2,13.2,10.6,2.6,2.5,15,65.4,3.4,6.3,25.1,24.1,9.4,20.9,10.7,5.6,6.2,8.2,12.9,5.5,5.1,6.3,6.3,6.8,7.1,6.7,5.2,3.7,2.8,2.4,2.1,1.4,192886,20710
13460,"Bend, OR Metro Area",142507,570,1584,1812,4.9,4.3,10.1,11.4,15.1,23,13.7,11.6,3.1,2.9,8.5,65.5,2.1,6,25,27.6,10.4,19.2,9.7,6.4,6.3,6.1,5.7,6.8,6.5,6.6,7.2,7.6,7.6,7.6,5.6,4.7,3.2,2.4,1.8,1.6,151879,7116
13740,"Billings, MT Metro Area",136553,1535,5499,1355,6.3,6,13,11.5,15.8,20.4,12.5,9.7,2.7,2.2,10.9,68.7,3,6,31.8,23.8,7.6,20.1,7.7,6.6,6.4,6.7,6.3,7.4,6.1,6.2,6.8,7.7,7.7,6.7,4.9,3.6,3.2,3,2.3,1.8,150177,2934
13780,"Binghamton, NY Metro Area",223859,8653,686,6514,8.4,6.7,12.7,11.9,15,19.3,11.8,9.6,2.7,2,13.8,61.7,3.4,8.6,33.9,17.4,11.7,13.9,11.1,5.4,6.6,8,7.1,6.5,5.1,5.8,7,8.1,7.5,6.5,5.2,4.1,3.7,3.4,2.5,2.3,245576,12384
13820,"Birmingham-Hoover, AL Metro Area",765348,308830,2689,12522,8.1,6.3,12.2,11.2,14.7,18.6,11.5,10.8,3.4,3.3,13.2,63.4,4.9,10.7,29.7,22,6.6,16.8,9.3,6.6,6.8,6.6,6.3,7.3,6.9,6.9,7.2,7.5,7.2,6.2,4.9,3.7,2.9,2.6,1.9,1.6,1112213,39161
13900,"Bismarck, ND Metro Area",96276,419,3658,572,5.5,5.1,12,11.7,14.5,21,14.4,11.6,2.3,2,9,73.1,5.5,4.3,26.5,21.5,13,22.3,6.8,5.7,6.5,7,7.5,8.1,6.1,5.9,6.9,7.7,7.6,6.2,4.9,3.6,2.9,2.8,2.2,1.9,102899,1410
13980,"Blacksburg-Christiansburg-Radford, VA Metro Area",141782,7341,123,5013,11.9,7.7,14,11.3,14.9,18.2,9.8,8.3,2.4,1.5,21.4,57.9,6.4,9.3,29.9,18.4,8.2,14.7,13.1,4.5,4.9,13.2,17.2,5.4,5.4,5.9,5.6,5.9,5.7,5.5,4.6,3.5,2.8,2.1,1.7,1.4,157274,7235
14020,"Bloomington, IN Metro Area",167995,4257,399,5843,13.4,7.1,12.8,12,14.2,17.8,10.7,8.3,1.9,1.8,20.8,60.1,3.1,9.2,33,18.8,6.6,15.2,14.2,4.9,5.3,11,15.6,6.7,5.6,5.7,6.1,6.3,6.2,5.3,4.4,3.5,2.6,2.2,1.8,1.4,182941,8300
14060,"Bloomington-Normal, IL Metro Area",142007,11107,181,4823,6.4,5.3,10.6,9.7,13.4,18.9,13.8,14.5,5,2.6,13.9,69.3,2.2,4.8,26.8,19.7,6.5,27.6,12.3,6.3,6.1,9.6,14.7,5.8,5.6,6.1,6.9,6.8,6.3,5.3,3.6,2.8,2.3,1.9,1.5,1.6,163686,6941
14260,"Boise City-Nampa, ID Metro Area",530796,5170,3235,10244,5.5,5.2,10.5,12,15.8,22,12.8,10.6,3.1,2.6,11.1,68.1,4.5,6.9,26.9,26.5,7.5,19.3,8.4,7.6,7.6,6.9,6.5,8.2,7.4,7.3,6.9,7,6.4,5.5,4.3,3.1,2.3,1.8,1.5,1.5,580428,41226
14460,"Boston-Cambridge-Quincy, MA-NH Metro Area",3658620,306198,8097,262310,6.4,4.4,7.4,7.3,10.8,16.9,13.7,17.6,7.6,7.8,9.8,68.8,4.4,5.8,25.6,15.4,7.2,23.5,18.1,5.9,6.3,7,6.7,7,6.7,7.2,8,8.1,7.2,6.1,4.9,3.5,2.8,2.4,2,2,4513934,711202
14500,"Boulder, CO Metro Area",258633,2643,1209,10840,7.1,4,8.2,8.9,12.2,16,12.1,16,7.7,7.8,12.5,69.6,3.4,3.2,13.8,17.5,5.4,32.3,24.3,6,5.8,8.4,11.9,5.6,6.2,7.3,7.5,8.1,7.7,6.1,4.6,2.7,2,1.6,1.2,1.2,295524,32342
14540,"Bowling Green, KY Metro Area",102610,9613,307,1655,10.4,6.3,13.1,12,15.4,18.4,11.5,9.1,1.8,2,17.6,65.2,7.5,9.3,31.4,19.4,7,15.2,10.3,6.5,5.9,8.6,11.8,6.3,5.9,6.6,6.7,7,6.6,5.7,4.6,3.3,2.8,2.3,1.5,1.3,116435,6694
14600,"Bradenton-Sarasota-Venice, FL Metro Area",597639,43076,1354,9924,5.7,6,11.1,12.5,16.2,19,11.5,10.7,3.5,3.9,9.9,55.1,3.6,8,31.2,21.8,7.8,17.2,10.4,4.7,5.4,5.2,4.7,4.9,4.6,5.4,6.3,6.8,6.8,6.8,7.1,6.4,5.5,5.8,4.7,3.8,680457,79262
14740,"Bremerton-Silverdale, WA Metro Area",201864,6183,3317,10692,5.6,3.1,8.7,9.5,14.6,21.1,14.2,14.6,5.2,3.4,8.8,64,2.2,5.5,24.8,28.6,10.9,17.8,10.2,6.2,6.8,7.1,7.6,5.8,5.2,6.3,7.2,8.1,8.1,7,6.1,4.1,2.7,2.3,1.8,1.5,238825,14992
14860,"Bridgeport-Stamford-Norwalk, CT Metro Area",697891,91006,1185,37745,5.1,3.4,6.7,6.7,9.3,15.4,12.5,16.8,8.2,15.9,8,67.4,5.3,6.4,23.9,14.6,6.2,24.7,18.8,6.9,7.3,7,5.7,5.2,5.8,7.3,8.3,8.4,7.3,6.1,4.9,3.6,2.9,2.4,2.1,2.1,892843,174723
15180,"Brownsville-Harlingen, TX Metro Area",333333,1849,1072,2307,16.1,10.5,16.1,13.5,14.4,14.2,6.6,5.7,1.5,1.4,31.8,54.3,24.6,13,24.2,17.2,6,9.9,4.9,9.2,9.1,8.3,6.8,6.4,6.3,6.4,5.9,5.7,5.3,4.2,4.1,3,2.6,2.4,1.8,1.2,383171,93320
15260,"Brunswick, GA Metro Area",74285,23806,112,826,9.5,7.1,10.6,11.3,14.9,19,11.5,9.2,3.7,3.2,15.7,62.6,5.2,12.1,34.7,20,6,14.3,7.7,6.2,7.5,7.1,6.2,5.7,5.7,6.6,6.9,7.3,7.3,7.1,5.6,4,4,2.6,2.2,1.3,101217,3642
15380,"Buffalo-Niagara Falls, NY Metro Area",936476,135776,6487,19970,8.9,6.5,12,11.3,14.4,18.6,12.3,10.6,3.1,2.4,13.7,62.8,3.5,8.6,31.9,18.5,10.7,15.1,11.6,5.9,6.6,7.3,6.5,6.3,5.4,6.3,7.3,8.1,7.7,6.5,5.2,4,3.4,3.3,2.6,2.3,1128813,59557
15500,"Burlington, NC Metro Area",102264,26038,417,1770,7.8,6.9,13.1,12.8,15.8,19.7,11.8,8.7,1.8,1.7,14.7,66.7,8.2,10.7,30.9,20.7,8.6,14.4,6.6,6.7,6.7,7.3,6.1,6.6,6.3,7,7.5,7.4,6.7,6,5,3.7,3.3,2.4,2.6,2,144769,11317
15540,"Burlington-South Burlington, VT Metro Area",194647,2488,787,4081,5.5,4.9,9.1,9,14.2,21.3,14.5,13.8,4.4,3.4,10.7,71.8,3.2,5.4,27.9,16,9.3,23.7,14.6,5.7,6.4,8.3,9.8,6.2,5.9,6.7,7.9,8.3,7.6,6.3,4.6,3.1,2.6,2.1,1.6,1.3,206360,10901
15940,"Canton-Massillon, OH Metro Area",367913,27638,1000,2958,7.3,6.3,13,12.7,16.2,19.9,11.9,8.6,2.3,1.9,12.3,64,3.3,9.8,42.2,19.2,6.4,12.7,6.3,6.3,6.7,7,6,5.6,5.4,6.4,7,7.8,7.8,6.9,5.5,4.4,3.4,3.1,2.5,2.2,408220,7611
15980,"Cape Coral-Fort Myers, FL Metro Area",487563,42730,1964,7830,5.3,4.7,10.6,12.1,16.9,20.3,12.1,10.7,3.1,4.1,9.4,57.7,4.6,8.7,32.2,22.3,7.3,16,8.9,5.5,5.5,5.4,5.1,5.8,5.4,5.9,6.4,6.8,6.4,6.5,7,6.2,5,4.9,3.5,2.6,573676,82012
16020,"Cape Girardeau-Jackson, MO-IL Metro Area",82911,7022,200,867,9.3,8,13.1,12.6,16.3,19.1,10.7,7.4,1.4,2.1,16.8,64.4,6.4,10.1,37.3,19.4,4.6,14.5,7.7,5.6,6.6,8.2,10.2,5.3,5.1,5.8,6.8,7.3,7.1,6.1,5.2,4.1,3.2,2.7,2.2,2.3,92912,1353
16180,"Carson City, NV Metro Area",46320,753,995,1124,5.9,5.2,11.1,11.1,15.1,19.6,14.1,11.7,4.1,2.2,11.2,64.3,4.3,9,31.5,25.8,8,13,8.3,6.4,6.4,6.3,6.5,5.7,5.3,6,7.3,7.3,7.1,7.2,5,4.6,3.4,2.9,2.7,2.4,55262,6694
16220,"Casper, WY Metro Area",66934,630,616,483,5.9,5.5,11.2,11.8,15.2,18.7,13.7,12.2,3.1,2.5,9.9,69,2.2,5.8,32.1,27.1,11.2,14.3,7.2,6,6.9,7,7.2,8.5,6.1,5.6,6.5,7.8,7.7,6.8,4.1,3.3,2.8,2.5,2.3,1.6,71817,1314
16300,"Cedar Rapids, IA Metro Area",233372,7151,536,4069,5.5,4.8,10.5,11.6,15.4,20.6,13.9,12.1,2.8,2.6,9.8,70.7,2.2,5.4,32,22.9,10.9,19.3,7.3,6.7,6.7,6.7,6.5,7.7,6.5,6.8,7.3,7.6,7,6.1,4.6,3.5,3.1,2.5,2,2,251948,6016
16580,"Champaign-Urbana, IL Metro Area",177534,23101,417,14772,11.5,6.1,12.5,11.3,13.4,18.2,11,10.4,3.1,2.5,19.1,65.3,3.1,5.5,27.1,19.5,7.9,19.2,17.6,5.4,5.5,11.9,16.7,5.8,5.3,5.4,6.1,6.2,6.1,5.2,3.7,3,2.5,2.2,1.8,1.4,222602,17563
16620,"Charleston, WV Metro Area",280846,12834,316,2713,9.7,7.1,13.8,12.3,16,17.9,11,7.9,2.1,2.1,15.5,57.5,5.8,10.7,39.5,17.8,5.7,12.5,8,5.6,6.3,6,5.3,6.7,6.4,6.4,6.9,7.7,8.1,7.3,5.7,4.3,3.7,3.2,2.2,2,303777,3909
16700,"Charleston-North Charleston-Summerville, SC Metro Area",418672,180991,2306,10540,8.3,5,10.5,11.4,15.5,19.4,12.6,10.7,3.2,3.3,13.3,66.7,4.4,8.8,28.9,20.6,8.3,19.2,9.8,6.3,6.4,7.2,7.7,8.6,7,6.8,7.1,7.2,6.7,5.8,5.1,3.5,2.6,2.1,1.5,1.4,631484,29049
16740,"Charlotte-Gastonia-Concord, NC-SC Metro Area",1134519,374139,7044,44397,6.2,4.8,10.1,11.1,14.9,19.4,12.3,12.3,4.2,4.6,11,70.9,5.2,8.9,25.2,20.7,8.3,22.1,9.7,7.3,7.1,6.7,6.1,7.4,7.8,8.3,8,7.5,6.5,5.4,4.4,3.1,2.2,1.9,1.4,1.2,1641257,150563
16820,"Charlottesville, VA Metro Area",154922,25159,200,6180,7.9,4.7,9.9,9.3,14.4,18.6,12.7,12.7,4.8,5,12.3,62.8,5.7,7.7,23.9,16.4,5.4,21.2,19.7,5.7,5.9,8.2,10.3,6.8,6,6.1,6.9,7.1,6.8,6.3,4.8,3.9,3.1,2.8,1.9,1.6,192515,12647
16860,"Chattanooga, TN-GA Metro Area",422485,71613,1425,6531,8.2,6.9,12.9,13,15.1,18.5,11.5,8.8,2.5,2.8,13.7,63.7,6.2,11.6,30.9,22.1,6.8,15,7.3,6.3,6.3,6.7,6.3,6.8,6.4,6.8,6.9,7.5,7.4,6.6,5.6,4.1,3.4,3,2,1.7,514718,16116
16940,"Cheyenne, WY Metro Area",75000,2758,1061,1019,4.8,4.4,10.5,11.8,17.1,22,12.9,11.8,2.6,2,8.6,71.3,2.4,7.1,28.9,28.3,10.6,14.6,8.1,6.7,6,7,8.1,7.4,6.1,6.5,6.8,7.2,7.3,6.5,4.9,3.8,2.6,2.4,2,1.3,86892,2757
16980,"Chicago-Naperville-Joliet, IL-IN-WI Metro Area",6171962,1678898,17066,491914,6.6,4.4,9,8.9,12.8,18.7,13.7,14.7,5.6,5.6,11.1,68,6.9,7.8,25.9,19.9,6.7,20.3,12.5,7,7.2,7.1,6.7,7.4,7.1,7.3,7.5,7.6,6.8,5.7,4.3,3.2,2.5,2.1,1.7,1.5,9461816,1625713
17020,"Chico, CA Metro Area",181462,3498,2531,8744,7.7,8.8,13.8,12.3,14.8,17.6,10.8,9.4,3,1.8,17.5,57.8,5.1,9.1,24.1,28,8.9,16.5,8.4,5.5,6.2,8.8,13.6,4.5,4.2,5.2,5.9,6.7,7,6.7,5.2,4,3.3,2.9,2.3,2.4,217917,17032
17140,"Cincinnati-Middletown, OH-KY-IN Metro Area",1803390,251162,2891,34675,7.4,5.1,9.9,10.5,14.1,19.7,13.1,12.7,4.2,3.4,11.7,67.2,3.8,9.5,32.9,19.2,7.1,17.6,10,6.7,7,7.1,6.3,7.3,6.5,6.9,7.5,7.9,7.2,6.1,4.5,3.5,2.7,2.4,1.8,1.5,2140796,75233
17300,"Clarksville, TN-KY Metro Area",193349,49519,1255,4173,8.9,5.9,11.7,13,16.5,21,11.7,8.4,1.9,1.1,15,65.2,4.6,8.6,33.9,25.6,7.9,12.8,6.5,7.3,7.5,7,10.2,8.4,7,6.9,6.6,6.5,5.6,4.9,3.9,3,2.4,1.8,1.2,1.1,259426,8861
17420,"Cleveland, TN Metro Area",102829,4132,498,707,9.5,7.5,13.3,14.2,16.9,17.8,10.6,6.9,1.7,1.6,15.5,61.3,9.1,12.6,33.1,21.3,6.1,10.9,6.9,6.5,6.2,6.5,6.1,7.5,6.6,6.6,7.5,7.4,6.6,5.7,6.3,4.4,3.8,3,1.5,1.4,110919,3217
17460,"Cleveland-Elyria-Mentor, OH Metro Area",1590637,408169,4261,38232,8.8,6.1,11.3,10.9,14.6,18.6,12.1,11.2,3.4,3,13.5,65.3,3.4,9.6,32.5,21.2,7,16.3,10,6.4,6.9,7,5.8,5.8,5.9,6.6,7.4,8.1,7.6,6.5,5.1,3.9,3.2,2.9,2.4,2.1,2101821,117320
17660,"Coeur d'Alene, ID Metro Area",126890,401,989,535,5.7,6.3,12,13.1,17.3,20.9,12.3,8.3,2,2.1,10.9,65.4,2,7.1,30.3,28.2,10.4,15.7,6.2,6.9,6.9,7,6.1,6.8,5.9,6.4,6.7,7.4,7.3,6.6,5.8,4.3,3.3,2.5,1.8,1.9,133461,3454
17780,"College Station-Bryan, TX Metro Area",155125,23691,447,7875,18.1,7.3,13.9,10.3,11.9,15.6,9,8.2,3,2.6,29.8,61.3,8.4,10.2,26.4,17.8,4.6,18.9,13.7,5.6,5.9,11.4,23,5.4,4.6,5.4,5.3,5.2,4.7,4.2,3.2,2.5,2.2,1.9,1.1,1.1,203846,22274
17820,"Colorado Springs, CO Metro Area",494177,36629,5308,16726,5.8,4.2,9.4,10.1,14.5,20.4,13.7,13.9,4.6,3.4,9.9,70.2,2.5,5.2,23,25,9.6,21.5,13.2,7.1,7.2,7.5,7.9,6.7,6.3,6.9,7.7,8.2,7.3,5.8,4.6,3.1,2.3,1.7,1.3,1.1,608000,44121
17860,"Columbia, MO Metro Area",137076,12501,618,4796,9.7,6,12.7,11.6,14.7,19.1,11.2,10.3,2.4,2.4,18.3,70.4,2.3,6.1,24.9,17.7,5.8,23.8,19.4,5.6,5.9,9.4,16.4,6.9,5.8,6.3,6.2,6.5,6.1,5.2,3.8,2.8,2.1,1.9,1.6,1.2,161695,8300
17900,"Columbia, SC Metro Area",445962,237283,1981,11525,8,5.2,11.4,11.5,15.4,19.3,12.4,11.1,3.1,2.5,12.9,67.6,4.4,9.2,27.7,20.5,8.2,18.9,11,6.6,6.7,8,7.3,7.3,6.7,6.9,7.2,7.4,6.9,6.2,4.7,3.4,2.5,2.2,1.6,1.3,718843,32370
17980,"Columbus, GA-AL Metro Area",153806,117265,932,4526,11.3,7.6,13.3,12.2,15,18.5,9.8,8.3,2.2,1.7,18,63.4,5.5,11.6,30.7,23.7,8,13,7.6,7,6.9,8.2,8.8,7.5,5.9,6.3,6.7,7,6.5,5.6,4.5,3.3,2.9,2.4,1.6,1.3,289040,10295
18020,"Columbus, IN Metro Area",69127,1274,129,2250,5,5,9.5,11,17.6,20.6,13.4,11.8,3.3,2.8,9.2,67.5,4,7.6,37,18.2,7.5,15.1,10.7,7.5,6.5,6.5,5.4,6.2,6.4,7,7.5,7.5,6.9,6.4,5.3,4.1,3.3,2.7,1.8,1.8,74681,4551
18140,"Columbus, OH Metro Area",1408358,241935,2789,50610,7.5,4.6,9.9,10.5,15,19.4,12.9,12.6,4.1,3.3,12.3,69,2.9,8.2,30.4,19.9,6.5,21.3,10.9,6.8,6.7,6.8,6.6,8.9,7.7,7.5,7.4,7.5,6.7,5.6,4.3,3.1,2.4,2,1.5,1.3,1758531,109644
18580,"Corpus Christi, TX Metro Area",335524,15121,1972,5613,9.9,7.5,13.1,11.8,14.1,17.8,10.9,9.8,2.8,2.2,17.7,62.8,10.7,11.3,28.2,24,6.6,12.4,6.7,7.2,7.7,7.4,7.3,6.9,5.9,6.3,6.4,7.2,7,5.8,4.9,3.5,3,2.5,1.9,1.4,412594,28335
18700,"Corvallis, OR Metro Area",71189,868,848,3972,12.8,4.7,12.3,10.2,12.5,16.5,10.8,13.6,3.9,2.9,20.5,62.2,1.7,4.1,17.4,21.4,7.7,25.3,22.4,5.3,5.3,10.2,19.1,3.8,4,5.4,5.7,6.7,7.2,6.3,4.8,3,2.6,2,1.8,1.8,81107,6668
19060,"Cumberland, MD-WV Metro Area",92142,5273,153,486,9.7,7,15.7,14.7,15.5,17.5,10.3,6.8,1.6,1.2,14.8,55.8,4.1,9.9,44.5,18.8,7.8,8.2,6.6,5.2,5.5,8.3,8.4,4.9,5.5,6.5,6.9,7.2,6.9,6.7,5.8,4.9,4,3.3,2.9,2.2,99558,1111
19100,"Dallas-Fort Worth-Arlington, TX Metro Area",4241235,859740,31342,291156,5.9,4.3,9.9,10.6,14.5,18.6,12.7,13.5,5,5.1,11.7,70.5,8.5,9.6,23.6,21.8,6.3,20.5,9.6,7.8,7.5,7,6.8,8.2,7.9,7.9,7.7,7.4,6.2,5,3.8,2.7,1.9,1.5,1.1,1,6144234,1067181
19140,"Dalton, GA Metro Area",107370,3472,504,1261,8.3,7.2,13.7,13.7,17.3,18.2,9.9,7.6,2.2,1.9,16.6,65.8,15.7,17.7,32.5,16.9,4.4,7.8,5,8,7.6,6.6,6.3,7.1,6.9,7.2,7.4,6.9,6.3,5.8,4.2,3.4,2.5,1.9,1.2,1.3,132827,20300
19180,"Danville, IL Metro Area",67986,9396,119,358,11,6.8,13.7,13.3,17.3,18.8,9.8,6.9,1.5,1.1,17.6,60.1,4.6,10.5,40.7,22.4,8.7,9,4.2,6.9,6.6,6.6,6.1,6.3,5.6,6,6.5,7.3,7.2,6.3,5.6,4.4,3.8,3.4,2.5,2.1,80926,1596
19260,"Danville, VA Metro Area",68634,34436,101,559,12.2,9.3,14.5,14,15.6,16.9,8.5,6.8,1.3,0.8,19.2,59,9.6,15.1,33.8,19.1,8.2,9.3,4.8,5.9,6,6.5,5.9,5.6,5.2,6.2,6.7,7.8,7.8,7.1,6.4,4.6,4.2,3.2,2.9,2.3,106134,2654
19340,"Davenport-Moline-Rock Island, IA-IL Metro Area",327384,22759,1062,6274,7.2,5.6,11.8,11.2,15.7,20,13.1,10.1,2.8,2.5,11.8,66.5,3.5,8,32.1,23.1,8.9,16.2,8,6.5,6.5,6.9,6.3,6.7,6.1,6.1,6.8,7.7,7.5,6.8,5.1,4.2,3.1,2.6,2.3,2.2,375627,15883
19380,"Dayton, OH Metro Area",683351,121048,1208,13281,8.4,5.7,11.2,11.8,15.6,19.2,12.2,10.4,3.5,2.1,13.2,64.4,3.2,9.3,32.4,22.7,8,14.7,9.6,6.4,6.3,7.3,7.5,6.4,5.6,6.4,6.8,7.6,7.3,6.4,5.3,4.1,3.3,2.8,2.2,1.9,839359,24340
19460,"Decatur, AL Metro Area",121931,17550,2551,897,8.8,6.4,14.4,11.8,16.3,18.2,11.2,9.2,2.4,1.3,14.4,61.9,7.4,12.8,33.3,22.1,6.9,12.1,5.3,6.9,6.7,6.6,6,6.2,6.1,7,7.8,7.7,7,6.3,5.6,4.3,3.3,2.7,1.7,1.6,149291,5731
19500,"Decatur, IL Metro Area",89113,15608,137,982,7.8,6.3,14.2,11.8,15.4,19.1,11,9.5,2.4,2.5,13.3,61.6,3.4,9.6,36.5,23,7.4,13.6,6.5,6.4,6.2,7.1,6.6,6.4,5.5,5.7,6.2,7.5,7.6,7.2,5.2,4.1,3.7,3.2,2.4,2.5,108772,2046
19660,"Deltona-Daytona Beach-Ormond Beach, FL Metro Area",414644,48977,1458,7457,7.9,6.4,13.3,13,16.2,20,10.9,7.8,2.3,2.4,12.8,56.5,3.9,9.4,33.9,23,9.3,13.3,7.2,5.2,5.6,6.3,6,6.1,5.3,5.9,6.5,7.3,7,6.9,6,5.2,4.5,4.5,3.5,2.9,494449,37301
19740,"Denver-Aurora-Broomfield, CO Metro Area",1984351,133214,20178,83085,6,4.3,8.8,9.1,13.7,19.1,13.4,15.1,5.6,5,10.3,72,4.6,6.9,22.6,21.5,7.2,24.2,12.9,7,6.6,6.3,6.2,8,7.8,7.8,7.6,7.8,7.1,6,4.3,3,2.2,1.8,1.4,1.3,2451038,298680
19780,"Des Moines-West Des Moines, IA Metro Area",484358,21913,1000,13890,4.8,4.5,9.6,9.9,14.7,20.9,14.4,13.6,3.9,3.7,8.6,73.9,3,5.6,28.6,21.2,9.3,23.3,8.9,7.1,6.8,6.4,6.4,8.3,7.2,7.4,7.2,7.5,6.7,5.8,4.3,3.1,2.6,2.1,1.7,1.6,543541,33483
19820,"Detroit-Warren-Livonia, MI Metro Area",3149392,1009133,13013,143756,7.9,5.2,10.2,10.4,13.8,18.2,13,13.4,4.5,3.5,12.8,63.8,4,9.5,29.8,23.1,7.5,16.1,10.1,6.8,7.3,7.1,5.7,6.4,6.4,7.3,7.7,8.1,7.5,6.4,4.7,3.4,2.7,2.4,2,1.7,4452548,382171
20020,"Dothan, AL Metro Area",102913,32262,565,1129,10.8,8.2,14.9,12.5,14.8,16.7,10.2,8.1,2.1,1.6,16.6,59.3,7.3,13.9,33.8,20.9,7.5,10.8,5.9,6.8,6.7,6.7,5.9,6,5.8,6.3,7.2,7.3,7,6.3,5.8,4.4,3.8,3,2.1,2.2,139471,2568
20100,"Dover, DE Metro Area",108006,33058,727,3222,6.5,4.2,10.7,10.6,15.8,21.7,13.5,12,3.1,1.8,11.5,65.3,4.6,10.8,35.7,22.2,7.3,12.4,7,7.1,7,7.5,7.5,6.7,5.9,6.5,7.5,7.3,6.4,5.3,5.3,4.1,3.1,2.6,1.5,1.5,151332,7539
20220,"Dubuque, IA Metro Area",88348,1086,191,802,5.3,5.2,11.9,12.7,17,21.5,12.8,9.2,2.1,2.4,8.9,70.9,4.5,6.1,38.1,18.6,7.7,16.3,8.7,6.8,6.6,7.7,7.2,5.9,5.3,6.4,6.7,7.4,7.1,6.1,5,3.9,3.4,3.1,2.3,2.4,92046,1498
20260,"Duluth, MN-WI Metro Area",257175,3307,6635,2351,8.2,7,12.5,11.7,15.6,20.4,11.8,8.8,2.3,1.5,13.9,62.7,2.4,6.6,32.3,24.5,10.5,15.8,8,5.5,5.7,8.1,9.4,4.8,4.7,5.8,6.5,7.9,8.1,7,5.4,4.2,3.3,3,2.6,2.5,274649,4769
20500,"Durham-Chapel Hill, NC Metro Area",292031,128976,1378,19371,8.9,5.5,10.5,10.9,14,17.6,11.6,11.9,4.4,4.5,14.3,67.3,5.4,8.5,21.4,16,6.4,22.6,19.6,6.1,5.8,7.6,8.9,7.8,7.7,7.4,6.9,7.2,6.7,5.8,4.5,3.1,2.3,2,1.7,1.4,479544,55696
20740,"Eau Claire, WI Metro Area",149872,1196,899,3428,6.8,6.2,13.5,11.4,15.3,20.8,12.6,9.5,2.1,2,13,70.7,3.9,6,34.2,19.8,11.8,16.6,7.8,5.6,6.4,8.2,11.8,6.1,5.3,6.1,6.7,7.2,6.8,6.1,4.7,3.6,2.7,2.5,1.9,2.2,157294,3235
20940,"El Centro, CA Metro Area",114021,5783,2628,3334,9.4,9.1,15.2,13.2,13.6,16.5,9.7,8.9,2.7,1.6,21,53.5,20.4,16.2,24.3,20.3,6.8,7.7,4.3,7.5,8.6,8.5,7.9,7,6.5,6.5,7.2,6.7,5.8,4.6,3.4,2.8,2.5,2.5,1.6,1.1,160034,50377
21060,"Elizabethtown, KY Metro Area",94407,11279,449,2204,7.2,5.2,12.7,12.8,17.2,19.2,12.3,10.1,2.1,1.3,12.7,63,5.9,9,34.3,23.9,9.1,10.5,7.3,6.8,6.9,7.4,7.4,6.3,5.9,6.6,7.4,7.8,7.3,5.8,4.7,3.9,2.8,2.3,1.6,1.3,111692,4046
21140,"Elkhart-Goshen, IN Metro Area",166727,10149,820,2629,5.7,5.2,12.1,11.9,17.9,21.5,12.4,8.8,2.4,2.1,11.8,71,8.1,13.2,36.5,19.2,5.5,11.7,5.8,7.7,7.9,7.2,6.4,6.9,6.8,7.1,7,6.9,6.4,5.8,4.2,3.2,2.5,2.3,1.5,1.5,197851,18083
21300,"Elmira, NY Metro Area",79713,5145,175,899,8.1,7,14.4,12.6,16,18.3,10.6,9.1,1.9,2,14.4,58.6,3.4,9.9,37.3,17.9,10.9,11.5,9.1,5.8,6.6,7.3,7,5.6,5.3,6.2,7.3,7.9,7.7,6.8,5.2,3.9,3.3,3.3,2.6,2.4,88161,2211
21340,"El Paso, TX Metro Area",566462,20434,4680,8074,12.3,8.8,15.2,13.4,15.3,15.9,8.7,6.9,1.9,1.6,24.8,60.2,18.6,11.5,24,20.8,6.2,12.5,6.3,8.1,8.6,8.1,7.7,6.6,6.5,6.6,6.6,6.6,5.8,4.9,3.6,2.9,2.5,2.2,1.6,1.1,729396,194237
21500,"Erie, PA Metro Area",251675,17219,340,2223,8.8,6.5,13.3,11.9,15.7,19.7,11.2,8.9,2.1,1.7,14.5,62.2,3,8.3,42.7,15.8,6.7,15.1,8.3,6.1,6.7,7.7,7.1,6.9,5.8,6,7,7.5,7.5,6.5,4.8,3.6,3.1,3,2.4,2.3,279721,10156
21660,"Eugene-Springfield, OR Metro Area",307622,3419,4638,9507,10.1,6.4,12.8,12.1,15.2,19.8,10.8,8.3,2.2,2.1,16.8,61.9,2.8,7.5,25.9,28.1,8.4,16.4,10.9,5.4,5.9,7.7,11,5.4,5.2,6.3,6,7.1,7.6,7.2,5.7,4.2,2.9,2.5,2.1,2.3,343774,19393
21780,"Evansville, IN-KY Metro Area",319242,20194,612,2836,8.4,6,12.3,11.9,14.9,19.5,12.8,9.8,2.3,2,12.8,65.1,3.9,9.7,36.5,21.4,8.6,12.9,7,6.4,6.4,6.8,6.6,7.1,6.1,6.3,6.9,7.9,7.6,6.4,5.1,3.9,3.2,2.8,2.2,2,349790,6468
21820,"Fairbanks, AK Metro Area",74545,5522,6658,2378,4.8,3.6,7.3,8.6,12.9,20.4,15.6,18.4,5.2,3.2,8,73.5,2.2,4.2,27.7,30.1,9.5,15.1,11.1,7,6.9,8.1,11.8,9.6,6.8,5.9,6.9,7.1,6.8,5.5,3.7,2,1.5,0.8,0.9,0.5,96843,4853
22020,"Fargo, ND-MN Metro Area",179143,3202,2893,3053,8.5,6.3,11.7,12.4,14.5,18.9,12.3,10.3,2.5,2.6,14.8,75.2,3.5,3.4,25,22.9,11.5,24.5,9.2,5.8,5.9,8.4,14.3,7.7,6.6,6,6.5,6.5,6.4,5.2,3.5,2.7,2.2,2.1,1.7,1.8,192705,7070
22140,"Farmington, NM Metro Area",66471,994,44987,704,10.6,6.5,10.9,12.1,15.4,16.6,12.9,10.5,2.6,1.8,18.3,60.3,7.8,12.2,33.4,23.7,8.7,9.3,4.9,7.8,7.9,7.9,7.5,7.6,6.3,6.4,6.3,7.5,6.8,5.8,3.7,3.4,2.2,1.9,1.5,1.3,122470,3919
22180,"Fayetteville, NC Metro Area",186838,123144,6940,6922,9.9,6.1,12.5,12.9,16.1,19.2,10.8,8.9,2.1,1.6,17.3,66.3,4.3,8.8,28.8,27.4,10.4,13.3,7,7.5,7,7.7,11,8,6.5,7,6.4,6.6,6,4.9,3.8,2.9,2.3,1.7,1.1,0.9,351726,17138
22220,"Fayetteville-Springdale-Rogers, AR-MO Metro Area",373099,9221,6718,9007,7.1,5.6,12.4,12.8,16.3,19.8,11.3,9.2,3,2.5,13.1,66.5,7.8,10.1,30.7,21,5.3,16.9,8.3,7.7,6.6,7.1,7,8.9,7.4,7,6.9,6.9,5.9,5.2,4.3,3.3,2.7,2.2,1.5,1.4,441652,40479
22380,"Flagstaff, AZ Metro Area",77420,1497,36719,1583,8.8,5.4,10.8,11.5,15.1,19,11.9,12.2,3,2.3,16.2,67.9,6,7.9,23.7,25.2,7.1,17.4,12.7,6.8,7.2,9.1,13.7,5.2,5.2,6.3,6.2,7.3,7.1,6.1,4.2,2.5,2.3,1.5,0.9,0.8,127312,6467
22420,"Flint, MI Metro Area",329113,83877,2192,4469,9.5,5.8,11.8,12.5,16,19,11.3,9.9,2.7,1.5,15.4,60,3.2,9.3,34.8,25.2,8.6,12.3,6.5,6.9,7.4,7.1,5.9,6.7,6.2,6.6,7.4,7.8,7.3,6.3,4.8,3.8,3,2.6,1.8,1.4,432720,10684
22500,"Florence, SC Metro Area",113245,80654,316,1488,10.5,7.8,12.9,13.3,15.6,17.9,10.1,7.6,2.5,1.7,16.9,61.6,7.8,13.3,35,16.7,7.9,12.6,6.8,6.9,6.8,7.2,6.2,6.4,6.3,6.7,6.7,7.3,7.3,7.1,5,3.8,3.2,2.5,1.9,1.6,198924,4251
22520,"Florence-Muscle Shoals, AL Metro Area",122121,17704,446,616,10.3,9.3,14.6,11.7,15.2,16.2,11.3,7.9,1.7,1.7,17.1,56.7,6.5,13,34.2,20.7,6.6,12.2,6.8,6.6,5.7,6.7,6.3,6.9,5.8,6.5,6.6,7.4,7.2,6.6,5.8,4.7,4,3.3,2.6,1.8,143096,2152
22540,"Fond du Lac, WI Metro Area",94064,1061,392,753,5.6,6.2,10.1,10.1,15.9,23.6,14.9,9.8,2,1.9,9.4,70.4,4,7.3,40.7,20.4,9.6,12.1,5.8,6,6.5,7.6,6.7,6.1,5.5,6.7,7.6,7.9,7.5,6.2,5.3,3.8,3,3.1,2.3,2.3,99336,2748
22660,"Fort Collins-Loveland, CO Metro Area",261777,2211,1700,5086,7.5,4.7,10.3,10.1,13.3,18.4,12.9,14.3,5,3.6,13.8,70.3,2.5,4.1,21.4,22.8,7.8,25.2,16.2,5.7,6.1,8,12.7,6.2,5.6,6.1,6.8,7.6,7.5,6.4,4.5,3.3,2.4,2,1.4,1.5,286978,14841
22900,"Fort Smith, AR-OK Metro Area",237354,10155,10291,5655,9.7,8.7,15.9,13.3,15.6,18.3,9,6.6,1.6,1.3,17.7,58.9,8.1,13,35.6,21.8,7.4,9.7,4.5,7.3,7,7,6.1,6.5,6.3,6.4,7.1,7.2,6.8,6.4,5,4.2,3.1,2.5,2.1,1.5,288468,14787
23020,"Fort Walton Beach-Crestview-Destin, FL Metro Area",148754,17305,1229,5511,5.5,4,9.5,10.9,16.7,21.1,13.4,12,3.6,3.4,9.7,67,2.9,6.6,27.2,25.1,10.8,17.3,10.1,6.2,6.1,6.6,8.7,7.5,5.7,6.3,7.1,7.9,6.8,6.1,4.9,3.9,3.3,2.8,1.7,1.4,180955,11955
23060,"Fort Wayne, IN Metro Area",341660,40406,961,7270,6,5.3,11.6,12.9,16.1,21.6,12.6,9.7,2.2,2,10.9,68.8,4.1,7.8,33.6,21.9,9.3,16,7.3,7.3,7.3,6.9,6.4,7.1,6.5,6.9,6.7,7.5,7.2,6.1,4.5,3.3,2.6,2.2,1.8,1.9,408870,18702
23420,"Fresno, CA Metro Area",553541,45741,8824,78776,7.2,7.3,12.9,11.6,14.3,17.5,11.9,11.2,3.4,2.7,17.7,62.3,16.2,11.2,23.3,22.4,7.6,13.3,6.1,8,8.4,8.2,7.9,8.1,6.7,6.4,6.6,6.5,5.9,4.9,3.8,2.8,2.2,1.8,1.5,1.5,890750,191601
23460,"Gadsden, AL Metro Area",85078,15094,361,563,10.1,8,15.9,14.3,16,15.7,9.6,7.8,1.3,1.1,16.5,56.1,6.2,13.3,32.8,24.3,7.9,9.7,5.7,6.8,6.2,6.5,5.9,6.3,6.2,6.5,6.7,7,7.2,6.6,5.8,4.6,3.5,3,2.5,2.1,103150,2330
23540,"Gainesville, FL Metro Area",187978,47024,452,10834,14.6,6.8,13.5,10.8,14.5,14.9,9.5,9.1,3.1,3.4,22.8,61.2,4,7.4,24,17.7,10,18.4,18.5,5,4.9,10.3,20.5,5.5,5.1,5.5,5.5,6.1,6,5.3,4.2,2.9,2.4,2.2,1.7,1.4,255761,23706
23580,"Gainesville, GA Metro Area",148077,11630,512,3144,5.4,4.6,11.1,11.5,16.4,19.2,13.7,11.1,3.7,3.2,11.8,65.8,12.7,12.8,30.1,18.6,6,13.2,6.6,7.9,7.3,6.8,6.5,8.1,7.3,7.5,7.3,6.8,5.9,5.4,4.4,3.3,2.3,1.6,1.4,1.2,177685,30733
24020,"Glens Falls, NY Metro Area",122492,2576,431,867,6.2,5.7,11.7,12.1,15.5,22.2,11.9,10.1,2.8,1.8,11.1,61.9,3.7,9,37.8,17.4,10.5,12.4,9.2,5.4,6.3,7.2,6.4,5.6,5.1,6.7,7.7,8.2,7.8,7.1,5.9,4.6,3.6,3.3,2.2,1.9,128229,3154
24140,"Goldsboro, NC Metro Area",68735,36343,269,886,11,6.7,12.2,13.7,16.9,19.7,9.4,7.7,1.4,1.2,17.4,62.8,7.6,11.3,31.3,23.5,9.8,11.1,5.3,6.6,7.2,6.9,7.4,6.9,6.1,6.7,6.9,7.4,6.9,6.4,4.6,3.7,3.4,2.6,1.7,1.1,113290,5297
24220,"Grand Forks, ND-MN Metro Area",89757,1264,2306,799,10.4,7.2,12.8,11.1,15.2,20.5,10.7,8.5,2,1.6,17.7,70.7,4.5,5.6,27.5,23.9,11.1,18.2,9.3,5.5,5.7,9.7,15.8,6.6,4.9,4.8,6.1,6.5,6.5,5.3,4.1,3.2,2.4,2.5,2.1,2,97266,2518
24300,"Grand Junction, CO Metro Area",123748,927,1512,917,6.6,5,10.8,11.8,15.2,20.8,13.4,10.6,2.8,3,11.4,65.5,3.7,7.6,31.6,23.9,8.5,16.3,8.4,6.2,6.4,6.8,6.8,7.4,5.7,5.9,6.1,7.4,7.6,6.7,5.2,4.2,3.4,3.1,2.1,2.1,137879,5472
24340,"Grand Rapids-Wyoming, MI Metro Area",656305,57082,3162,13343,6.5,5.5,11.2,11.5,15.9,20.5,13,10.7,2.7,2.5,12.1,68.5,4.3,8.3,30.1,23.1,8.3,17.3,8.7,7.1,7.1,7.3,6.9,7.9,6.7,6.9,7.1,7.7,7,5.6,4.3,3.1,2.5,2.2,1.7,1.5,773427,49364
24500,"Great Falls, MT Metro Area",73477,1258,3249,391,9.2,6.6,13.3,12.7,16.7,20.1,10.7,7.5,1.5,1.8,14.1,64.6,2.8,6.4,31.6,26.9,9.1,15.6,7.7,5.9,6.5,7.2,8.1,7,5.5,4.8,6.9,7.5,7.2,6.7,4.9,4.2,3.4,3.2,2.3,1.9,81912,1651
24540,"Greeley, CO Metro Area",212157,1457,1844,3183,6.9,4.9,9.3,9.7,14,21.1,14.5,13.5,3.7,2.6,12.4,70.6,7.1,9.2,27.2,21.9,8.8,18.2,7.6,8.5,6.5,7.5,7.2,8.8,7.6,7.4,6.8,7.1,6.5,5.5,4,2.5,2.1,1.5,1.1,0.9,241221,22461
24580,"Green Bay, WI Metro Area",271788,4309,6084,6128,5.8,5.2,10.4,10.8,15.6,21.6,14.5,11.2,2.4,2.4,10.4,70.9,4.2,6.4,36.4,19.7,9.9,16.8,6.6,6.6,6.7,7.2,7.1,6.9,6.3,6.8,7.8,8.2,7.3,5.9,4.6,3.4,2.7,2.3,1.8,1.7,300557,12732
24660,"Greensboro-High Point, NC Metro Area",472268,169189,3376,17151,8.6,6.6,12.5,12.8,15.5,18.4,11.1,9,2.9,2.7,14.6,66.4,6.5,11.3,29.5,20.4,6.8,17.9,7.6,6.5,6.8,7.1,6.6,6.8,6.6,7,7.5,7.5,7,6.1,5.2,3.7,2.9,2.6,1.8,1.7,695491,52618
24780,"Greenville, NC Metro Area",103293,58201,508,1889,14.2,9,13.6,11,14.7,15.9,8.8,8.1,2.5,2.1,24,65.1,6,10.4,27.6,20.5,9.2,16.6,9.7,6.5,6,9.3,13.2,6.5,6.2,6.2,6.8,6.5,6.3,5.4,4.1,2.8,2.6,2,1.5,1.2,172333,7562
24860,"Greenville-Mauldin-Easley, SC Metro Area",482627,101878,1378,10411,8.8,6.5,12.5,12.1,15.4,18.4,11.5,9.5,2.7,2.6,14.3,63.5,6.9,11.5,29.3,18.1,7.8,17.3,9.1,6.4,6.7,7.6,7.4,6.3,6.5,6.9,7.5,7.4,6.8,6,5.2,3.7,2.9,2.3,1.9,1.6,616062,40041
25060,"Gulfport-Biloxi, MS Metro Area",176008,46674,1065,5727,8.1,6,14,12.1,15.9,18.7,10.9,9.9,2.6,2,14.9,62.2,5.5,11.4,30.4,24.7,8.4,12.5,7,6.3,7.2,7.3,7.6,7,6,6.2,7.3,7.7,6.9,6.4,4.8,3.8,3.1,2.2,1.9,1.2,237770,9452
25180,"Hagerstown-Martinsburg, MD-WV Metro Area",230034,18954,516,2648,5.8,5.6,10.7,11.1,15.7,20.9,14.1,11.2,2.9,2,10,66,5,11.6,39.5,18.7,7,11.4,6.8,6.4,6.6,6.3,6,7.1,6.5,7.4,8.1,7.8,7.1,6.5,4.5,3.9,3,2.6,1.8,1.7,259519,7675
25260,"Hanford-Corcoran, CA Metro Area",101963,11356,2221,4912,5.7,5.8,12.5,13.2,16.1,19.8,11.3,11.4,2.7,1.4,15.2,57.9,16.3,13.2,29,22.3,7.7,8.3,3.2,7.7,7.1,7.6,9.9,9.3,8.1,8.7,7.1,6.5,5.1,4,3.1,2.4,1.9,1.4,1.1,0.7,146696,30170
25420,"Harrisburg-Carlisle, PA Metro Area",450814,49541,719,11812,5.7,4.6,9.6,10.8,14.8,20.2,15,12.9,3.7,2.8,9.2,66.8,3.3,8.1,37.8,15.9,7.3,17.6,9.9,6,6.2,7.1,6.4,6.4,6,6.8,7.3,7.9,7.7,7,5.1,3.9,3.1,3.1,2.3,2,529306,23520
25500,"Harrisonburg, VA Metro Area",107428,4025,84,2244,8.1,6.1,11.6,12.5,16.1,20.4,11.9,8.9,2.4,2,15.3,61.4,9.5,13.2,33.5,14.5,4.9,15.2,9.2,5.9,5.2,11.6,13.5,6.1,5.1,5.9,6,6.8,6.2,5.2,4.4,3.3,2.8,2.5,1.7,1.8,117553,9389
25540,"Hartford-West Hartford-East Hartford, CT Metro Area",938295,120022,2613,38636,5.7,4.1,8.3,8,11.8,17.9,14.8,16.9,6.8,5.6,9.2,67.7,4.7,7.2,28.8,17.7,7.8,19.3,14.4,6.2,6.7,7.4,6.8,5.7,5.7,6.7,7.9,8.2,7.5,6.3,5.2,3.7,3,2.7,2.2,2.2,1186939,139884
25620,"Hattiesburg, MS Metro Area",96104,37722,347,1489,12.3,8.9,14,12.1,15.4,15.3,10.1,7.8,2,2.1,21.4,63.1,6,10.2,28,21.9,8.1,15.6,10.1,7.1,6.6,8.1,13,6.7,5.8,6.4,6.3,6.5,5.9,5.3,4.1,3.4,2.5,1.8,1.7,1.5,138044,3180
25860,"Hickory-Lenoir-Morganton, NC Metro Area",307204,24292,1164,8605,8.8,7.8,14.3,13.2,16.3,19.4,10.1,6.6,1.9,1.6,14.5,62.6,8.7,14.7,33.1,19.3,8.5,10.8,5,6.5,6.6,6.7,5.5,5.9,6.2,7.2,7.6,7.8,7.2,6.9,5.4,4.4,3.5,2.8,1.9,1.7,359804,18936
25980,"Hinesville-Fort Stewart, GA Metro Area",38028,28132,360,1075,10.6,6,12.5,13.9,18.1,21,11.2,5.2,1.1,0.6,17.5,70.2,3.7,10,35,27.2,9.6,10.1,4.4,8,8.4,8.6,13.7,8.5,6.4,6.2,6.8,5.8,5.1,3.7,2.9,2.2,1.4,0.9,0.4,0.7,72388,4022
26100,"Holland-Grand Haven, MI Metro Area",233568,3078,749,6060,3.7,4.1,9.1,10,16.1,22.6,14.8,13.2,3.7,2.6,7.3,69.8,3.6,6.2,31.8,21.9,8,19.5,8.9,7,7.7,8.7,7.1,7.4,6.3,6.7,7.1,7.4,6.7,5.6,4.2,3.4,2.3,2.1,1.6,1.6,258564,14108
26180,"Honolulu, HI Metro Area",207667,28704,2605,391739,5.7,3.2,6.9,8.3,12.3,19.3,15,17.5,6.7,5.2,9.4,66.1,5,5.3,28.3,21,9.7,20.3,10.4,5.8,6,6.1,7.9,7.9,6.9,6.8,7.2,6.9,6.5,5.8,5,3.7,3.1,3.1,2.5,2.1,902564,165877
26300,"Hot Springs, AR Metro Area",83452,7748,578,698,9.8,8.8,14.7,14.6,16.3,16.4,9.1,6.1,2,2.3,15.8,54.4,5.2,9.8,33.2,25,7.2,13.4,6.2,5.6,5.9,5.8,5.2,5.6,5.2,5.9,6.1,7,6.9,7.5,6.5,5.9,5.3,4.2,3.3,2.5,96285,3784
26380,"Houma-Bayou Cane-Thibodaux, LA Metro Area",154210,32483,7663,1964,8.8,6.7,12.2,11.1,14.4,18.2,12.2,11.4,2.7,2.3,16.1,60.1,12.7,14.4,38.9,15.5,3.9,10,4.5,6.9,7.4,7.5,7.2,7.7,6,6.5,7.6,7.6,6.6,5.5,4.8,3.6,2.8,2.3,1.6,1.2,201129,4137
26420,"Houston-Sugar Land-Baytown, TX Metro Area",3625360,941051,22710,324860,6.5,5,10.8,10.6,13.8,17.6,12,13.1,5.2,5.3,13.2,68.2,10.3,10.1,24.7,20.8,5.9,18.6,9.5,7.8,7.7,7.2,6.8,7.7,7.6,7.5,7.4,7.5,6.7,5.4,4,2.7,2,1.6,1.1,0.9,5595262,1193230
26580,"Huntington-Ashland, WV-KY-OH Metro Area",271294,7574,370,1480,12.2,8.2,15.7,13.5,14.5,16.8,9.4,6.7,1.7,1.5,19.4,54.4,6,11.7,38,20.5,7.2,9.6,6.9,5.7,5.9,6.7,7.6,6.4,6,6.3,6.9,7.1,7.2,6.8,5.6,4.5,3.8,3.2,2.5,1.7,284917,2829
26620,"Huntsville, AL Metro Area",283558,83640,1800,7880,7.1,4.9,10.8,10.6,13.8,17.7,12.4,14.2,5.2,3.3,11.7,65.5,4.6,9.2,24.6,20.9,6.6,22.2,11.8,6.8,6.8,7.2,6.7,6.8,6.3,7.1,7.8,8.3,7,5.8,4.9,3.7,3.2,2.5,1.5,1.3,388123,17447
26820,"Idaho Falls, ID Metro Area",111405,688,1036,901,5.1,4.6,11.6,12.1,16.7,21.3,13.2,10.3,3.1,2.1,10.4,67.7,3.7,7.5,27.7,27.1,9.7,16.6,7.7,8.8,8.2,7.8,6.7,7.1,6.6,5.9,6.1,6.8,6.3,5.3,4.1,3.2,2.2,2.1,1.5,1.4,119130,5300
26900,"Indianapolis-Carmel, IN Metro Area",1353946,239371,2906,30559,6.3,4.8,10.3,10.9,14.7,20,13,12.5,4,3.5,11,69.8,3.5,8.8,30.3,20.1,7,19.9,10.3,7.2,7.2,6.8,6.2,7.6,7.2,7.3,7.7,7.8,6.9,5.6,4.3,3.1,2.5,2.1,1.6,1.4,1695807,88341
26980,"Iowa City, IA Metro Area",131796,4689,301,6018,9.9,6,11.8,8.4,14.3,18.7,12.4,11.7,3.6,3.2,18.1,72.3,3,3.1,22.3,17.7,8.7,25,20.1,5.5,5.3,9.3,17.6,7.3,5.9,6.3,6.1,6.2,6.1,5.5,3.5,2.7,2.1,1.8,1.5,1.3,146962,9061
27060,"Ithaca, NY Metro Area",83817,3556,233,9318,11,6.3,11,10.8,13.8,17.3,10.9,11.5,4,3.5,18.9,61.6,1.8,6,21.9,14.3,7.2,21,27.7,3.8,5,14,19.4,5.3,4.8,5.7,5.5,6.1,6.3,5.4,4.2,2.8,2.2,1.7,1.5,1.9,100583,12217
27100,"Jackson, MI Metro Area",142470,12583,684,1238,7.4,6.2,11.5,11,16,20.9,13.2,9.9,2.4,1.5,12.7,60,2.7,9.2,36,25.8,8.9,12,5.5,5.9,7.1,7.1,6.2,6.1,6,7.4,7.6,8.2,7.5,6.3,5.2,3.8,2.9,2.7,1.9,1.9,161621,2696
27140,"Jackson, MS Metro Area",272101,247566,822,5146,9.9,6.7,11.9,12.2,14.5,17.9,10.6,10.5,2.7,3.1,16.5,64.4,5.1,10.5,25.5,22.4,7.9,19,9.6,7.4,7.2,7.6,7.2,7.6,6.9,6.7,6.8,7.3,6.8,5.8,4.2,3.3,2.4,2.2,1.6,1.5,532803,9443
27180,"Jackson, TN Metro Area",75598,33382,236,954,12.6,6.7,13.3,11.8,14.9,19.5,9.2,7.5,2,2.2,18.4,64.3,5.8,11.7,32,21.6,5.9,14.5,8.5,6.9,6.9,8,7.3,6.7,6.5,6.4,6.8,7.2,7,6.3,4.7,3.9,2.7,2.5,2,1.5,112452,3343
27260,"Jacksonville, FL Metro Area",921821,283073,3755,39417,6.8,4.6,9.7,11.3,15.1,20.4,13.2,11.7,3.7,3.4,11.2,67.2,3.4,8.6,30.5,22.8,8.7,17.4,8.6,6.7,6.8,6.9,6.8,7.3,6.6,7,7.7,7.7,7,6.1,4.8,3.4,2.6,2.3,1.7,1.4,1294684,94551
27340,"Jacksonville, NC Metro Area",121091,27923,1093,3193,7.5,5.6,13.3,14.6,19.1,18.6,10.5,7.9,1.7,1.2,13.6,73.3,3.9,8.1,31.3,30,9.9,11.7,5.1,6.5,5.5,9.2,23.5,7.3,4.9,5.4,5.1,5,4.6,3.9,3,2.6,1.7,1.3,0.9,0.4,165181,6839
27500,"Janesville, WI Metro Area",143364,7198,461,1597,6,5,10.8,12.3,15.9,21,15.1,10.2,2,1.5,10.2,67.7,3.2,9,39.1,20.7,8.4,13,6.5,6.6,7.3,7.2,6.3,6.5,6.2,6.8,7.5,7.9,7.1,6.1,4.7,4,2.8,2.7,1.9,1.7,158829,6866
27620,"Jefferson City, MO Metro Area",129858,9737,389,1193,6.5,5.4,10.8,11.7,15.5,21.6,14.7,10.4,2,1.5,10.6,66.2,5.3,9.1,36.2,19,6.3,16.7,7.4,6.5,6.5,7.6,7.5,6.8,6.2,6.6,7.6,7.8,7.3,6.4,4.7,3.4,2.8,2.3,1.8,1.7,145431,2922
27740,"Johnson City, TN Metro Area",182607,5613,487,1023,10.4,8.8,14.2,13.3,15.6,18.9,9.3,5.8,1.8,2,17.6,59.4,7.6,11.7,34.6,19.1,5.5,13.6,7.8,5.3,6,6.1,6.7,7.3,6.7,6.9,7,7.5,7.1,6.9,5.5,4.8,3.6,3.1,2.2,1.8,193391,4131
27780,"Johnstown, PA Metro Area",137648,4924,139,809,8.9,8.3,14.8,14.3,15.5,18.8,10.6,6.4,1.2,1.3,14.9,55.7,4.4,8.7,48.5,13.2,8.4,10.5,6.2,5.1,5.8,6.9,6.5,5.2,5.2,6,6.8,7.7,8,7.1,5.7,4.5,3.9,4.3,3.4,2.8,145219,2009
27860,"Jonesboro, AR Metro Area",101163,11928,383,808,11.5,9.6,13.1,13.5,13.8,18.3,9.9,7,1.7,1.8,19.2,63.4,8.2,11.2,37.8,18.9,4.3,12.5,7.1,6.8,6.7,7,7.2,9.4,7.2,6.3,6.6,6.6,6.2,5.7,4.8,3.7,2.9,2.3,2,1.5,116339,2519
27900,"Joplin, MO Metro Area",156857,2237,2603,1608,9.1,7.8,14.7,14,16.5,19.8,9.4,5.5,1.7,1.5,16.4,64.7,5.2,11.9,35.2,22.8,6.7,12,6.2,6.9,7.2,7.1,6.7,7.5,6.3,6.1,6.8,7.1,6.5,5.9,4.9,3.8,3.2,2.8,2.1,1.5,170450,5345
28020,"Kalamazoo-Portage, MI Metro Area",274977,27848,1720,5662,9.3,7,12.5,11.8,14.3,17.9,11.7,10,3,2.5,17.1,66.7,3.4,7,28.1,24,7.8,17.7,11.8,6.1,6.7,8.4,11.7,5.4,5.3,6.2,6.6,7.2,7.1,6,4.7,3.5,2.8,2.5,1.8,1.6,323079,14208
28100,"Kankakee-Bradley, IL Metro Area",89562,16410,232,1030,7,6.2,10.9,11.4,13.6,21.7,14,11,2.7,1.5,12.6,65.4,5.9,9.2,35.2,23.8,8.9,10.6,6.5,6.8,7.3,8,7.4,6.4,5.8,5.9,7.2,7.5,6.9,6.2,4.5,3.8,2.9,2.5,2,1.8,111244,4538
28140,"Kansas City, MO-KS Metro Area",1629635,236744,8062,41501,6.1,4.6,9.4,10.6,14.5,19.9,13.8,13.4,4.3,3.4,10.1,70,3.3,7.1,28.8,22.3,6.8,20.9,10.8,7,7,6.7,6.2,7.5,6.9,7.1,7.4,7.8,7.1,6,4.6,3.3,2.6,2.2,1.8,1.6,2013797,114971
28420,"Kennewick-Pasco-Richland, WA Metro Area",178879,3677,2336,5460,6.9,4.6,10.2,11.2,14.4,19,12.6,14,4.2,2.7,13.3,65.9,9.7,8,25.7,23.9,9,14.3,9.3,8.2,8.1,7.8,6.6,6.8,6.3,6.2,7,7,6.9,6,4.5,3,2.5,1.8,1.6,1.2,230834,32710
28660,"Killeen-Temple-Fort Hood, TX Metro Area",255243,71388,2446,8626,7.5,4.9,11.2,12.7,17.6,21.1,11.6,9.3,2.1,2,12.7,66.1,4.9,7.9,29.6,27.7,10.1,13.6,6.3,7.6,7.3,7.8,11.5,8.3,6.3,6.9,6.7,6.1,5.4,4.4,3.6,2.9,2,1.8,1.3,1,368682,26186
28700,"Kingsport-Bristol-Bristol, TN-VA Metro Area",290955,5915,776,1500,10.6,8.7,14.6,13.2,16,18,9.1,6.6,1.8,1.4,17.3,57.4,9.3,11.3,34.7,20,7.3,11.6,5.9,5.8,6,6,5.3,5.7,5.8,6.9,7.1,7.6,7.4,7.2,6.4,5.2,4.3,3.5,2.4,2,303115,3946
28740,"Kingston, NY Metro Area",160559,10444,504,3002,5.1,5,9.7,9.8,13.8,19.8,14.1,14.7,4.3,3.7,9.9,64.6,3.9,8.4,31.1,18.9,8.9,15.6,13.2,5.5,6.2,7.4,6.7,6,5.4,6.8,7.9,8.7,7.8,7.2,5.6,4,3.2,2.8,2.1,1.6,181510,13135
28940,"Knoxville, TN Metro Area",610709,44725,1579,9075,9.7,6.2,11.8,11.5,15.1,18.9,11.3,9.7,2.8,3,14.8,63.1,5.3,9.2,31,20,6.7,17.8,10.1,6.1,6,7,8.2,5.8,5.9,6.7,7.3,7.6,7.2,6.4,5.6,4.2,3.3,2.9,2,1.7,680629,22318
29020,"Kokomo, IN Metro Area",90605,5918,211,1000,7.3,6.2,10.9,12.3,16,19.4,13.4,10.6,2.4,1.5,13.3,59,3.9,10,39.2,22.4,6.5,10.5,7.5,6.6,7,6.4,5.6,6.1,6.1,6.4,6.8,7.5,7.4,6.5,5.9,4.6,3.5,2.8,2.2,2,99740,1958
29100,"La Crosse, WI-MN Metro Area",123240,1400,466,4053,6.3,6.3,12.8,10,15.5,21.3,13.5,9.8,2.2,2.2,13.2,70.9,3,4.8,31.3,20.7,12.8,18,9.4,5.5,6.4,8.6,12,5.6,5.2,5.9,6.5,7.4,7.1,6,4.6,3.5,2.8,2.6,2.2,2.3,130954,3842
29140,"Lafayette, IN Metro Area",170235,5715,375,8380,11.3,6.7,13,10.5,15.2,18.2,11.6,8.9,2.8,1.8,19.1,63.9,3.3,7.6,33.2,19,6.8,16.7,13.5,6,5.4,10.4,17.8,6,5.3,6.1,5.8,6,5.7,5,3.7,2.8,2.3,2,1.6,1.5,191113,15243
29180,"Lafayette, LA Metro Area",180527,67995,817,3061,10,6.4,11.9,11.5,14.5,17.3,10.8,10.4,3.8,3.3,16.2,67.2,7,10.5,32.6,20.7,4.7,17.5,6.8,7.1,7,7,7.8,9.1,6.8,6.5,7,7.5,6.9,5.4,4.2,3.2,2.5,2,1.5,1.3,256392,6685
29340,"Lake Charles, LA Metro Area",141502,44661,523,1338,9,7.1,13.6,11.8,13.6,18.4,11.6,9.8,2.4,2.7,16,63.7,6.7,12.1,35.3,20.7,6.1,13.1,5.9,7,7.1,7,7.3,7.7,6.1,6.1,6.7,7.5,7.2,5.8,4.8,3.5,3.3,2.5,2,1.2,192605,3340
29420,"Lake Havasu City-Kingman, AZ Metro Area",172884,1513,3294,1975,7.3,6.9,14.2,14.8,18.2,18.5,9.9,6.7,1.8,1.8,13.2,52.2,4.2,13.5,35.2,28.1,7,8.1,4.1,5.8,6.2,6.1,4.6,4.8,4.7,5.4,5.8,6.9,7.2,7.5,7.6,6.6,5.6,4.4,2.7,1.9,192988,11839
29460,"Lakeland-Winter Haven, FL Metro Area",441846,77068,2058,8398,7.1,6.3,13,12.7,17,20.2,11.8,8.3,1.9,1.8,13.2,58.9,6.1,11.9,36.9,19.4,7.7,12.3,5.7,6.8,6.4,6.7,6.1,6.5,6,6.2,6.6,6.7,6.2,5.9,5.6,4.9,3.9,3.8,2.8,2,566657,57057
29540,"Lancaster, PA Metro Area",455076,16371,595,7935,4.9,4.6,9.1,10.6,15.8,22.6,14.4,12.1,3.2,2.7,8.5,66.9,7.8,10.3,39,13.9,5.7,15.6,7.6,6.8,7,7.5,6.3,6.3,5.7,6.3,6.9,7.5,7.1,6.2,4.8,3.8,3.1,2.9,2.5,2.2,498918,20074
29620,"Lansing-East Lansing, MI Metro Area",383075,36987,1635,13897,9.5,5.2,10.3,10.2,14.6,19.8,12.9,11.8,3.1,2.5,15.2,65.6,2.6,6.1,27.6,24.2,8.9,18.5,12.2,6,6.4,8.9,12.4,5.8,5.3,6.1,6.8,7.3,7.1,6.2,4.6,3.3,2.5,2.2,1.6,1.5,455232,26342
29700,"Laredo, TX Metro Area",189928,1047,681,1305,12.1,9.2,14.7,12.8,14.9,16.4,9.1,7.3,2.1,1.3,27.2,63,23.7,14.6,21.7,16.7,6.2,12.3,4.8,9.9,9.4,8.3,7.2,7,6.9,6.8,6.1,5.5,4.7,3.7,3.4,2.4,1.8,1.6,1.1,1,231035,64440
29740,"Las Cruces, NM Metro Area",171780,3760,2268,1898,10.5,9.6,16.6,12.7,15.4,15.7,8.7,7.6,2,1.2,22.5,61.2,14.4,11.3,22,21.4,5.9,15.2,9.8,7.1,7.6,8.2,8.6,8.7,6.4,5.6,6,6.2,5.9,5,4.3,3.6,2.8,2.5,1.7,1.3,197819,36838
29820,"Las Vegas-Paradise, NV Metro Area",1309515,176884,12831,132032,5.4,3.7,9.1,10.7,15.2,21.3,13.8,13.2,4.3,3.4,9.9,68.8,7,10,30,24.5,7.1,14.3,7,7.2,7.1,6.3,6.5,8.1,7.7,7.7,7.4,7,6.2,5.6,4.8,3.6,2.5,2.1,1.4,1,1821507,388427
29940,"Lawrence, KS Metro Area",98128,4480,2564,4199,11.4,5.9,12.1,10.3,15.1,17,11.4,10.6,3.1,3.1,18.9,71.4,1.4,3.3,20.6,21.3,6,25.7,21.6,5,4.8,10.4,21.3,7.7,5.6,5.9,5.2,5.8,5.6,5,3.4,2.5,2,1.8,1.7,1,113724,7061
30020,"Lawton, OK Metro Area",74686,19915,5842,2190,9.6,6.3,12.9,12.6,15.9,21.2,11.2,6.9,2.3,1.1,16.3,65.1,3,9.4,35.2,25.7,6.5,13.2,7,7.5,6.8,8.7,10.3,7.2,6,5.9,6.9,6.8,6.1,5.2,3.8,3.3,2.7,2.3,1.4,1.1,112828,5906
30140,"Lebanon, PA Metro Area",117220,2058,170,1101,4.9,5.5,10.3,10.8,16.9,22,14.8,10.7,2.3,1.8,8.7,66.5,5.8,10.5,46.4,13.8,5.7,11.9,5.9,6.2,6.4,6.6,5.8,5.7,5.5,6.6,7.1,7.6,7.3,6.5,5.6,4.3,3.7,3.4,3,2.3,127882,3719
30300,"Lewiston, ID-WA Metro Area",55140,71,1889,634,7.9,6.4,14.7,13.4,15.3,20.4,11.2,7.4,1.4,1.8,14.3,60.7,3.2,8.1,35.2,25.7,9.3,12.8,5.8,5.6,6.5,6.5,6.3,6.7,5.8,5.4,6.6,7.2,7.2,6.8,5.3,5,3.7,3.2,2.7,3.3,59889,1180
30340,"Lewiston-Auburn, ME Metro Area",92996,3848,441,682,8,6.7,13.3,12.3,16.1,20.9,11.8,7.7,2,1.1,14.3,66.3,6.8,8.3,39.4,19.2,8.6,12.5,5.2,6.1,6.1,6.8,6.6,6.4,6.2,6.6,8,7.9,7.2,6.5,4.9,4,3,3.1,2.3,1.9,106765,4353
30460,"Lexington-Fayette, KY Metro Area",381742,47143,912,9991,8.7,6.2,11.7,10.7,14.3,18.3,11.9,11.6,3.5,3.1,15.2,68.3,5.2,8.4,25.7,20.5,6.7,19.8,13.6,6.2,5.9,7.1,10,7.3,7.1,7.2,7.1,7.4,6.8,5.8,4.5,3.3,2.4,2.1,1.5,1.5,455593,27494
30620,"Lima, OH Metro Area",88638,11886,332,620,8.3,6.4,13.9,12.6,15.4,19.7,11.8,8.8,1.6,1.5,13.9,64.2,2.7,9.8,42.2,20.8,8.7,9.9,5.9,7.1,6.7,7.5,6.9,6.1,5.6,6.2,6.4,7.5,7.4,6.6,4.8,3.7,3.3,2.8,2.5,2.2,104946,1517
30700,"Lincoln, NE Metro Area",262897,8937,1518,8526,7.7,5.2,11.1,11.4,14.1,21,13.5,11.1,2.5,2.4,13.3,73.6,2.5,4.6,24.7,23.2,10.4,23.2,11.3,6.3,5.9,8.1,13.4,7.1,6,6.3,6.2,6.8,6.5,5.6,4.1,3,2.3,2,1.8,1.6,291007,17145
30780,"Little Rock-North Little Rock-Conway, AR Metro Area",488028,147070,2481,9063,8.1,6.1,11.7,11.7,16.1,18.9,11.8,9.8,3,2.7,13.6,66.9,4.4,8.2,31.2,23.3,6.1,17.3,9.6,7.1,6.6,7.1,7.3,7.3,6.8,7,6.9,7.4,6.8,5.8,4.9,3.5,2.8,2.3,1.8,1.5,666248,23864
30860,"Logan, UT-ID Metro Area",112803,691,831,2169,5.3,5,12.7,14.5,17,20.4,11.9,9.1,2,2.2,14.1,71.4,2.8,5.4,25.3,26.3,7.6,20.6,12.1,8.6,7.7,9.6,17.2,6.7,4.9,5.2,5,5.2,4.8,3.7,3.1,2.1,1.9,1.6,1.2,1.1,121619,7453
30980,"Longview, TX Metro Area",152533,35675,788,1595,8.3,7.1,13.4,11.6,16.8,17.8,11,9.5,2.1,2.4,14.1,61.5,6.4,11.4,32.2,24.9,6.8,12.7,5.5,6.7,7.1,7.1,6.8,6.7,5.8,6.1,6.9,7.4,7,6,5,3.8,3.5,2.7,2.1,1.9,202980,12641
31020,"Longview, WA Metro Area",91765,566,1493,1214,6.7,6.6,11.2,13,16.6,19.8,12.5,10.2,2.3,1.1,13.9,59.7,4,10.3,30.8,29.6,10.8,9.8,4.6,6.6,7.3,7,5.6,6.3,5.7,6.3,6.9,7.7,7.4,7.4,5.5,4.2,3.2,2.5,1.8,1.9,99874,4701
31100,"Los Angeles-Long Beach-Santa Ana, CA Metro Area",6840293,913537,66314,1756296,5.7,5.2,9.8,9.4,12.8,17.8,12.3,14.3,6,6.6,12.5,65.7,12.8,9.9,21.1,19.2,7,19.7,10.3,6.8,7.3,7.2,7,8.1,7.6,7.7,7.6,7.3,6.4,5.3,4,3,2.4,2,1.6,1.4,12762126,4363052
31140,"Louisville-Jefferson County, KY-IN Metro Area",1020065,162005,2345,16684,8,6,11.1,11.4,15.6,19.6,12.1,10.6,3,2.6,13,66.4,4.5,9.8,33,21.8,7,14.5,9.3,6.7,6.7,6.5,5.9,7.3,6.7,7,7.5,8,7.4,6.4,5,3.7,2.8,2.4,1.9,1.7,1235476,47482
31180,"Lubbock, TX Metro Area",214922,19075,1415,3855,11.2,7.3,13,12.7,15.7,17.2,10.2,8,2.3,2.4,19.7,65.2,7.9,10.2,27.7,22.2,5.6,17.3,9,6.8,6.4,8.6,14.7,6.4,5.3,5.6,6,6.3,6,4.8,4.2,3.2,2.6,2.3,1.8,1.4,269297,12471
31340,"Lynchburg, VA Metro Area",192025,42676,504,2463,8.8,5.8,12.3,12.4,15.6,20.4,11.6,9,2.2,1.9,13.5,62.7,6.3,11.2,33.2,21.2,6.7,14,7.4,5.4,6.7,8,7.9,5.7,5.2,6.1,7.2,7.5,7.2,6.6,5.8,4.5,3.6,3.1,2.1,1.9,242509,5808
31420,"Macon, GA Metro Area",125485,97058,413,2313,12.3,6.8,14.4,11.4,13.9,16.9,10.6,9.2,2.4,2.2,18.9,59.8,6.4,13.8,32.8,20.1,6.2,13.6,7.1,6.9,7.4,7.4,6.7,6.6,5.9,6.5,7,7.3,7.1,6,5.1,3.7,3,2.6,1.7,1.5,229788,5469
31460,"Madera-Chowchilla, CA Metro Area",112723,5901,2450,2761,5.2,7,11.8,13.2,16.9,18.1,11.1,11.2,2.7,2.8,14.3,54.7,16.6,15,25.9,22.7,6.8,8.8,4,7.4,8.8,7.8,6.8,6.9,6.7,6.6,7,6.7,6.2,5.6,4.7,3.4,2.4,2,1.3,1.2,144794,29417
31540,"Madison, WI Metro Area",492066,21450,1522,20480,6.4,3.9,8.9,9.6,13.3,20.3,15,14.4,4.3,4,11,73.7,2.3,4.3,24,19.2,9.6,24.8,15.8,5.7,5.8,7.5,11.5,7,6.6,7.1,7.3,7.5,7.1,6.2,4.2,2.9,2.3,2,1.6,1.5,554843,34011
31700,"Manchester-Nashua, NH Metro Area",369427,8020,901,12146,4.2,3.5,7.9,7.5,12.2,19.5,16.1,17.6,6.7,4.8,7.4,72.5,3.6,6.2,28,18.8,9.2,22.5,11.7,6.4,7,7,6.2,6.4,6.5,7.4,8.4,8.7,7.4,6.1,4.7,3.3,2.5,2,1.9,1.7,402576,32879
31740,"Manhattan, KS Metro Area",99359,9894,853,3359,10.6,5.9,12.3,13.1,16.5,18.7,10.4,8.2,2.6,1.7,18.3,67.5,1.9,5.3,26.9,26.7,7.1,18.4,13.8,6.2,5.2,10.2,21.2,7.7,4.7,5.2,4.8,5.3,5.3,4.5,3.3,2.4,2,1.8,1.4,1.4,119048,6444
31860,"Mankato-North Mankato, MN Metro Area",85770,1642,150,1777,7.4,6,11,10.6,15.6,22.1,13.1,9.9,2.5,1.8,15.6,73.3,3,5,28,22.6,10.4,21,10,5.5,5.3,10.2,16.1,5.6,5.5,5.5,5.9,6.5,6.5,5.6,4,3,2.7,2.5,1.7,1.8,91577,3405
31900,"Mansfield, OH Metro Area",109888,11824,366,832,6.4,6.1,15,13.2,16.4,19.8,11.7,8.7,1.6,1.1,11.7,60.2,4.2,12.2,43.1,19,7,9.6,5,6.3,6.4,6.6,6.2,6.3,5.7,6.6,6.7,7.8,7.7,6.9,5,4.3,3.8,3.2,2.4,1.8,125791,2081
32580,"McAllen-Edinburg-Mission, TX Metro Area",499635,3910,2593,5887,16.4,10.1,16,13.3,13.7,14.1,7.5,5.9,1.7,1.3,32.8,58.5,26.8,13.7,24.2,15.9,4.1,10.7,4.5,9.7,9.4,8.2,7.2,7.2,7,6.4,6.1,5.4,4.7,3.9,3.3,2.6,2.2,2.1,1.4,1,702697,200827
32780,"Medford, OR Metro Area",183743,989,1573,2387,7.4,6.6,12.7,12.7,15.5,21.1,11.7,8.2,2.4,1.9,13.1,61.4,3.2,8,28.6,28.4,7.3,15.6,8.9,5.8,6.6,6.8,5.9,6.2,5.4,5.6,6.4,7.3,7.8,7.7,6.1,4.7,3.6,3.4,3,2,198036,10570
32820,"Memphis, TN-MS-AR Metro Area",647215,573325,2523,22927,9.4,6.3,12,11.8,14.8,18.1,10.9,10,3.4,3.2,16.2,66.7,5.6,10.8,30.1,23.1,6.1,15.7,8.6,7.5,7.7,7.4,6.5,7.2,6.9,7.1,7.3,7.4,6.9,5.8,4.4,3.1,2.4,1.9,1.5,1.2,1287231,59133
32900,"Merced, CA Metro Area",158880,9186,2405,16972,7.2,7.5,14.3,12.4,14.4,19,10.8,9.7,2.6,2.1,18.4,61.2,20.1,13,25.5,21.9,6.9,8.6,4,9.1,8.8,9,7.6,7.1,6.4,6.7,6.5,6.5,5.6,4.5,3.6,2.9,2.2,1.8,1.3,1.1,242235,59748
33100,"Miami-Fort Lauderdale-Pompano Beach, FL Metro Area",3893050,1112763,10607,121100,8.1,5.9,11.7,11,14.6,17.9,11.1,11.2,4,4.6,13.7,63.1,8.4,9.3,28,17.8,8.2,18.2,10.1,6,6.4,6.4,6.1,6.5,6.6,7.1,7.8,7.6,6.7,5.7,4.9,3.9,3.2,3.3,2.7,2.6,5484777,2004653
33140,"Michigan City-La Porte, IN Metro Area",94646,11395,209,552,6.1,5.3,12.2,12.8,16.3,21.6,12.3,9.4,2.5,1.6,10.9,62.3,3.9,10.7,40.2,20.8,7.8,10.9,5.7,6.3,6.7,6.6,6.2,6.4,6,6.8,7.5,7.7,7.6,6.8,5.4,4,3,3,2,1.8,110102,3362
33260,"Midland, TX Metro Area",106281,8299,853,1489,6.6,5.5,10.3,11.7,14,18.2,11.2,12.3,4.6,5.6,12.4,67.8,9.2,10.5,25.4,23.9,6.5,17.8,6.7,7.9,7.2,7.7,7.7,7,5.8,5.7,6.5,7.6,7.3,5.4,4.2,3.1,2.5,2.7,1.8,1.3,126287,11086
33340,"Milwaukee-Waukesha-West Allis, WI Metro Area",1170193,247481,7109,40960,6.4,5.4,10.3,10.5,14.2,19.4,13.4,13.1,3.8,3.5,11.5,68.4,3.9,7.7,29.6,20.8,7.5,20.3,10.2,6.6,7,7.2,6.4,7.2,6.4,6.8,7.3,7.9,7.3,6.1,4.5,3.3,2.7,2.4,2,1.9,1546312,102451
33460,"Minneapolis-St. Paul-Bloomington, MN-WI Metro Area",2690809,202991,19587,162673,5,3.7,7.5,8.4,13,19.9,15.3,16.5,5.8,5.2,8.3,73.8,3,4.5,24.4,21.9,9,25.3,11.9,6.7,6.9,6.9,6.6,7.8,7,7.4,7.9,8.2,7.2,5.9,4.2,2.9,2.3,1.9,1.5,1.5,3202412,281180
33540,"Missoula, MT Metro Area",98137,619,2376,1195,11.3,7.6,12.6,12.5,13.8,18,10.3,9.6,2.2,2.1,18.2,68.1,2.3,5.7,26.6,22.1,6.1,24,13.1,5.2,5.8,7.8,13.7,8.2,6.1,5.6,6.4,6.8,7.3,5.9,5,3.4,2.1,2.2,1.6,1.4,105637,2460
33660,"Mobile, AL Metro Area",250322,138704,2196,7688,11.8,7.5,12.9,12.1,15.1,18.1,10.4,8.2,1.9,2,18.6,61.5,4.8,13.1,34.5,20.8,7.1,12.9,6.8,7.1,7.3,7.3,6.9,7.4,6.4,6.1,6.8,7.4,6.9,6.2,4.8,3.6,3,2.4,1.9,1.5,405331,12170
33700,"Modesto, CA Metro Area",376806,14721,5176,26318,5.3,5.9,12,10.4,15.1,20.1,12.4,12.1,3.9,2.8,13,62.4,13.3,11.4,28.2,23.9,7,11.1,5,7.6,8.8,8.2,7.1,7.3,6.4,6.9,6.9,7.1,6.2,5.2,3.9,3,2.4,1.9,1.5,1.4,505165,101123
33740,"Monroe, LA Metro Area",110141,58407,302,1275,13.3,9,12,12.3,14.3,16.5,9.6,8.6,2.4,2,20.6,61.2,4.9,12.3,34.3,21.4,4.3,15.7,7.2,7.3,7,7.8,7.5,8.1,6.4,6,6.5,6.9,6.6,5.8,4.4,3.5,3.1,2.7,1.8,1.5,172737,2091
33780,"Monroe, MI Metro Area",145052,3183,496,869,5.1,4.4,9.5,10.6,13.4,21.3,15.3,15.1,3.3,1.9,8.7,65.9,3.1,9.6,37.8,23.6,8.8,11.4,5.7,6.5,7.5,7.4,5.9,5.8,5.7,7.2,7.8,8.6,8,6.7,5.2,3.7,2.8,2.3,1.8,1.5,152899,2910
33860,"Montgomery, AL Metro Area",199293,152724,1249,3818,9,7,11.5,11.4,15.1,18.2,12.2,10.3,2.9,2.5,15.6,62.8,4.8,11.4,30.5,21.3,5.7,16.2,10,7.1,6.9,7.6,7.4,7.3,6.6,6.7,7.2,7.3,6.7,5.6,4.7,3.5,2.8,2.1,1.8,1.6,363299,8754
34060,"Morgantown, WV Metro Area",109721,3907,229,2157,14.6,7.5,13.6,11.7,14.1,16.4,10.2,7.7,2,2.2,20.8,56.3,5.5,9.1,38.4,14.6,4.8,13.7,13.8,4.6,5.1,10,15.7,6.5,5.7,6,6.1,6.6,6.4,5.8,4.5,3.4,2.7,2.1,2.1,1.5,118042,4167
34100,"Morristown, TN Metro Area",126088,3585,400,577,10.1,8.2,15.4,13.1,16.5,19.2,8.9,5.8,1.4,1.6,17.2,61.4,11.4,14.1,36.8,18.6,5.9,7.9,5.1,6.4,6,6.4,6.1,6.7,6.5,7.4,6.6,7.5,6.6,6.3,6.2,5.1,3.6,2.7,1.7,1.7,134363,6564
34580,"Mount Vernon-Anacortes, WA Metro Area",100555,882,1785,2439,6,5,9.8,11,14.6,22.3,13.8,11.9,3.2,2.5,10.5,62,5.7,7.8,26.2,26.5,11,14.5,8.4,6.4,6.7,7.3,6.2,6.3,5.4,5.9,6.8,7.3,7.3,6.7,6.1,4.2,3.5,2.8,2.4,2,116152,12400
34620,"Muncie, IN Metro Area",103715,6634,396,1153,11.8,8.1,13.4,13.7,16.1,18.2,9,6.8,1.6,1.3,19.9,59.9,4.2,12.3,37.5,18.7,5.9,12.3,9.3,5.8,5.4,9.6,14.7,4.9,4.6,5.2,6.4,6.4,6.2,5.7,5.3,4.3,3,2.9,2.2,2,115548,2353
34740,"Muskegon-Norton Shores, MI Metro Area",141185,23540,1447,886,8.6,7,13.1,12.9,17,20.1,11.1,7.6,1.5,1.1,15.6,61.8,3.5,9.2,35.8,25,9.9,11,5.5,6.6,7.2,7.3,6.4,6.9,6.2,6.3,7.3,7.8,7.3,6.3,4.8,3.9,2.6,2.9,1.9,1.5,174156,3398
34820,"Myrtle Beach-North Myrtle Beach-Conway, SC Metro Area",200135,35355,1126,2800,7.5,6.5,13.1,13.3,17.5,19.3,10.8,7.7,2.1,2.2,14.2,62.6,4.1,9.5,34.6,21.1,9.8,14,7,5.7,5.5,5.6,6.1,7.2,6.2,6.2,7,7,6.8,7.2,6.6,5.6,4.4,3.5,2.1,1.3,248601,15505
34900,"Napa, CA Metro Area",105830,2516,1104,7676,3.5,4.2,8,7.8,12.5,18,13.3,17,8,7.6,7.4,65.4,9.8,7.5,21.4,22.6,8.4,19.8,10.5,6.2,6.8,6.9,6.4,5.8,5.6,7.3,6.7,7.7,7.5,6.3,5.9,3.9,3.3,2.8,2.3,2.5,132173,28390
34940,"Naples-Marco Island, FL Metro Area",271290,18104,947,3104,4.7,4,9.1,10.8,14.7,18.6,12.4,13,4.7,7.9,8.4,55.4,7.2,8.1,28.4,19.5,6.2,18.9,11.7,5.2,5.6,5.3,5,5.2,5,5.7,6.3,6.4,5.9,5.9,7,6.9,5.8,5.7,3.8,3,313165,71591
34980,"Nashville-Davidson--Murfreesboro--Franklin, TN Metro Area",1204191,231863,3759,32011,7.1,5,10,11.1,15.4,20,12.4,11.3,3.6,4,11.8,68.5,5.2,9.4,29.8,20.3,6.1,19.7,9.6,6.7,6.7,6.7,6.7,8,7.4,7.5,7.7,7.7,6.9,5.8,4.5,3.2,2.6,2,1.5,1.3,1520649,103483
35300,"New Haven-Milford, CT Metro Area",649659,100303,1978,27959,6.7,5,9,8.9,12.2,17.6,13.4,16.1,6,5.2,10.6,67.7,4.5,7.6,31.2,17.7,7,17.5,14.5,6.2,6.7,7.3,6.7,6.6,6.2,6.9,7.5,7.9,7.1,6.2,4.9,3.6,3,2.6,2.2,2.5,843532,93988
35380,"New Orleans-Metairie-Kenner, LA Metro Area",687510,396276,4695,30324,8.4,6.7,11.9,11.1,14.4,17.4,11.6,11.3,3.6,3.6,14.5,63.1,5.8,10.9,31.1,22,4.9,16.4,8.8,6.3,6.6,7,7.1,6.7,6.4,6.6,7.3,7.9,7.6,6.4,5.3,3.6,2.8,2.4,1.8,1.5,1153788,70049
35620,"New York-Northern New Jersey-Long Island, NY-NJ-PA Metro Area",11474517,3326618,49506,1727689,7.6,4.7,8.7,8.2,11.3,16.4,12.4,15.4,6.9,8.3,12.2,64.6,7.7,8.3,27.3,15,6.4,20.8,14.3,6.3,6.6,6.6,6.2,7.1,7,7.4,7.7,7.8,6.9,6,4.9,3.6,2.9,2.5,2,1.8,18912644,5210976
35660,"Niles-Benton Harbor, MI Metro Area",127729,23439,554,2450,9.4,6.8,13.4,12.5,14.8,17.5,11.4,9.1,2.9,2.3,15,63.4,4.4,9,32.3,22.2,8.5,14.2,9.2,6.1,7.2,7.2,6,5.4,5.2,6.2,6.9,7.8,7.5,6.8,5.6,4.3,3.5,3,2.3,2.2,160129,8678
35980,"Norwich-New London, CT Metro Area",223262,14876,1719,9068,3.8,3.7,7.4,8.5,13.9,20.1,15.1,16.7,6.3,4.5,7.1,68.3,3.2,6.6,32.3,18.9,8.3,17.2,13.5,5.6,6.8,7.1,7.3,5.9,5.6,6.9,7.9,8.4,7.6,6.3,5.3,3.8,3.1,2.6,2.1,1.8,266183,20018
36100,"Ocala, FL Metro Area",264608,36670,1376,4334,7.3,7.4,13.4,14.8,18.4,19.3,9.4,6.2,1.7,1.9,13.1,51.4,4.5,11.4,37.5,21.6,8.2,10.9,5.9,5.4,5.7,5.8,5.1,5.1,4.7,5.5,6.4,6.6,6.4,6.4,7.7,7.2,5.6,5.1,3.6,2.5,318886,22978
36140,"Ocean City, NJ Metro Area",87999,5377,321,267,6.6,4.7,9.2,10.8,14.6,18.6,14.2,12.3,5.3,3.8,9.9,60.4,3.2,8.9,35.9,17.9,6.9,18.1,9.1,4.9,5.9,6.2,5.4,5,4.1,5.3,6.6,7.8,7.9,7.5,7.6,6,5.1,4.5,3.1,2.2,97127,3135
36220,"Odessa, TX Metro Area",105528,5453,604,1014,8.4,7.2,13,11.7,15.1,19.1,11.5,9.3,2.1,2.6,16,65.6,13.2,14.4,30,23.5,5.9,9.2,3.8,7.8,7.9,7.9,8.2,7.8,6.3,5.9,6.1,6.7,6.3,5.5,3.6,3.2,2.6,2,1.7,1.2,128988,14548
36260,"Ogden-Clearfield, UT Metro Area",472728,6736,2893,8137,4.5,3.3,7.1,9,15.8,23.9,15.5,14.4,4,2.5,8.1,69.8,2.7,5.2,26.5,28.2,9.7,19.5,8.2,8.7,8.4,7.7,7.5,8.8,7.5,6.2,6.1,6.4,5.8,4.7,3.6,2.6,2.2,1.8,1.2,1.1,516864,30316
36420,"Oklahoma City, OK Metro Area",897708,118373,38003,32767,8.2,5.8,12.4,12.2,15.7,19,11.1,9.9,2.8,2.8,14,66.3,4.2,9.1,28.2,25.2,6.3,18,9,6.9,6.5,7,8.4,7.9,6.7,6.6,6.5,7.2,6.7,5.8,4.6,3.5,2.7,2.3,1.8,1.4,1191174,84778
36500,"Olympia, WA Metro Area",201122,6856,3629,12274,5,4,9.1,9.5,13.7,21.6,14.5,15.3,4.3,3,9.4,65.7,2.1,5.7,24.9,26.3,9.9,19.2,12,6.2,6.6,6.8,6.5,7.4,6.4,7,6.9,7.6,7.7,7.3,5.4,3.8,2.7,2.3,1.7,1.7,239248,16360
36540,"Omaha-Council Bluffs, NE-IA Metro Area",705371,60575,3040,14995,6.3,4.8,10.1,10.8,14.8,20.7,13.8,12.5,3.3,2.9,10.5,72.5,3.6,5.9,27.4,23.8,7.9,21.3,10,7.2,6.9,7,6.9,8.1,7,6.8,7.2,7.4,6.8,5.7,4.4,3.1,2.6,2.1,1.7,1.5,829702,49638
36740,"Orlando-Kissimmee, FL Metro Area",1457561,301908,6691,73258,5.6,4.8,10.8,12.3,16.2,20.5,12,11.1,3.6,3.3,10.8,66.7,4.7,8.3,29.5,20.6,9.6,18.7,8.6,6.6,6.7,6.7,6.8,8.1,7,7.2,7.5,7.4,6.4,5.4,4.5,3.6,2.9,2.7,1.9,1.6,2023605,317589
36780,"Oshkosh-Neenah, WI Metro Area",151245,2442,669,3501,5.3,5.4,11.6,11.6,15.6,21.6,13.8,10.2,2.5,2.4,10.3,67.5,2.7,8.1,35.5,20.1,8.8,17.3,7.4,5.6,6.2,7.1,7.4,8.5,6.8,6.6,7.7,7.9,7.2,5.8,4.7,3.6,2.7,2.4,2,2,161386,5246
36980,"Owensboro, KY Metro Area",104624,4411,179,584,9.6,7.2,13.6,11.1,16.4,19,11.8,8.2,2.1,1,15,61.5,5.2,9.4,39.9,21.3,7.6,9.9,6.8,6.7,6.8,6.8,6.2,6.3,5.6,6.6,6.9,7.7,7.3,6.1,5.6,4.1,3.3,2.7,2.4,1.9,112266,1415
37100,"Oxnard-Thousand Oaks-Ventura, CA Metro Area",546998,15787,9330,52122,3.4,3.4,7.5,7.5,11.1,17.3,14.4,19,8.6,7.9,7.7,67,10.1,7.6,20.3,23.5,8.2,19.2,11.1,6.8,7.6,7.6,6.9,6.3,5.9,6.9,7.6,8,7.2,5.9,4.6,3.3,2.6,2.1,1.8,1.5,792313,174573
37340,"Palm Bay-Melbourne-Titusville, FL Metro Area",449678,50905,1706,10939,6.2,5.2,11.7,11.9,16,19.7,12.4,10.9,3.3,2.8,9.7,58.5,2.4,7.7,29.6,23.4,10.4,16.7,9.8,5.3,6.1,6.4,5.5,5.4,4.9,5.8,7.2,8.3,7.5,6.4,5.9,5.1,4.8,4.5,3.4,2.5,532697,44316
37380,"Palm Coast, FL Metro Area",72754,8374,274,1612,5.7,4.7,12.2,11.5,18.3,22,12.6,8.8,2.1,1.9,10.2,51.9,2.9,7.6,33.3,26.3,9,14.4,6.4,5.2,5.8,5.6,4.4,4.2,4.7,5.4,6.7,6.6,6.6,7.4,8.3,7.7,5.7,4.5,3.5,2.7,85623,10435
37460,"Panama City-Lynn Haven-Panama City Beach, FL Metro Area",134798,18529,1039,3536,6.3,5.5,11.7,13.2,17,20.7,11.8,9.1,2.5,1.9,12,65.1,4,10.3,31.3,24.8,9.5,12.8,7.4,5.9,6.3,6.4,6.9,7.2,6,6.6,7.3,7.8,7.1,6.3,5.2,4.3,3.2,3.1,1.9,1.6,163451,8483
37620,"Parkersburg-Marietta-Vienna, WV-OH Metro Area",155934,1346,174,807,9.7,8.1,14.3,12.3,15.4,19.7,9.8,7.4,1.7,1.5,16.2,58.4,4.2,9.4,40.7,21.2,7.4,11,6.1,5.8,6.3,6.6,5.9,5.8,5.6,6.9,6.6,8,7.7,6.9,6,4.7,3.9,3.1,2.3,2.4,161173,1379
37700,"Pascagoula, MS Metro Area",116265,31396,273,2608,8.4,6.4,10.3,11.9,15.1,21.2,12.5,10.2,2.4,1.7,14,61.7,4.5,11.9,35.2,23.2,8.1,11.2,5.9,6.8,7.8,7.4,6.2,6.6,6.5,6.4,7.5,7.7,6.9,6,5.3,4.1,3,2.2,1.5,1,153639,4565
37860,"Pensacola-Ferry Pass-Brent, FL Metro Area",344754,72697,2875,11275,7.6,5.8,12.1,11.5,16.6,19.6,12.5,9.1,2.8,2.4,13.1,62.4,3.8,9.7,29.7,23.9,9.2,15.6,8.1,5.8,6.5,7.8,7.9,6.8,5.9,6.3,7,7.5,6.9,6.2,5.2,4.1,3.1,2.9,1.9,1.6,450594,23444
37900,"Peoria, IL Metro Area",323325,32313,390,5452,6.2,5,11.3,11.1,15,20.5,13.5,11.5,3.1,2.7,10.2,64.9,3.6,6.9,31.9,23.8,8.9,16.9,7.9,6.3,7,6.9,6.4,6.8,6,6.5,6.5,7.3,7.3,6.7,5,4,3.2,3,2.2,2.3,371120,9382
37980,"Philadelphia-Camden-Wilmington, PA-NJ-DE-MD Metro Area",4172409,1199278,9567,254210,7.1,4.8,9,8.8,12.4,17.7,13.4,15.2,6,5.5,11.2,65.5,4.1,8.9,31.8,17,6.5,19.3,12.4,6.3,6.8,7.3,6.5,6.8,6.4,6.9,7.5,7.9,7.2,6,4.8,3.5,2.9,2.6,2.2,1.9,5910593,518638
38060,"Phoenix-Mesa-Scottsdale, AZ Metro Area",3300681,177600,87858,117730,5.9,4.3,9.8,10.6,15.1,19.8,13.2,13.1,4.2,4.1,11.1,65.7,7.4,8.4,24.7,24.3,7.9,17.7,9.6,7.5,7.2,6.6,6.7,8.3,7.7,7.4,7,6.7,5.9,5.1,4.3,3.2,2.5,2.4,1.7,1.4,4151634,679215
38220,"Pine Bluff, AR Metro Area",51706,46998,333,885,14,8.9,13.5,13.4,15.3,16.2,9.6,6.8,1.3,1,21.7,56.5,6.8,12.8,39.8,21,4.3,10.8,4.5,6.1,6.8,8.1,7.3,7,6,6.3,7,7.3,7.2,6.3,4.8,3.7,3,2.6,2.2,1.6,102091,1577
38300,"Pittsburgh, PA Metro Area",2097453,185916,2730,34647,7.8,6.6,12.7,11.4,14.7,18.9,11.6,10.4,3,2.8,12.2,61.8,2.9,7.1,37.5,16.1,8.7,17.4,10.3,5.5,6,6.6,6,6.1,5.6,6.4,7,8.1,8,6.8,5.4,4.3,3.6,3.7,3,2.7,2360259,71463
38340,"Pittsfield, MA Metro Area",122324,3108,237,1854,8.1,6.7,11.6,10.2,13.5,19.3,13.3,10.8,3.5,3,12.2,62.4,3.2,6.9,32.6,18.6,8.6,17.1,13,5.5,5.7,7.3,6.8,4.4,4.6,5.8,7.3,8.2,8.1,7.4,6,4.9,3.6,3.8,3,2.7,130168,5649
38540,"Pocatello, ID Metro Area",80170,405,2754,941,6.2,8,14.7,12.6,15.6,19.1,12.4,8.2,1.6,1.6,14.8,67.2,3.6,7.7,26.5,27.6,8.3,17.4,8.9,7.4,7,8.3,12,6.4,5.3,5.6,5.7,6.2,6.4,6,4,3.2,2.4,2.4,1.6,1.1,88117,3258
38860,"Portland-South Portland-Biddeford, ME Metro Area",488909,8289,1100,6946,6,5.2,9.8,9.9,14.6,21.3,14.1,12.1,3.7,3.2,10,68.9,3,5.5,30.4,18.6,9.1,21.8,11.6,5.4,6.6,6.8,6.1,5.9,5.8,7,7.7,8.5,8.1,7,5.5,4,3.1,2.9,2.2,1.9,514044,21115
38900,"Portland-Vancouver-Beaverton, OR-WA Metro Area",1808019,58959,25621,113828,6,4.7,9.3,10.1,14.3,20.1,13.5,13.6,4.4,3.9,11,68.9,3.9,6.4,23.3,25.7,7.8,21.3,11.6,6.7,6.6,6.4,6.2,8,7.6,7.6,7.4,7.6,7.3,6.5,4.7,3.2,2.3,1.9,1.6,1.6,2163436,260256
38940,"Port St. Lucie, FL Metro Area",316689,51399,1265,5886,5.7,4.9,11.8,12.3,16.7,19.9,11.5,10.3,3.2,3.7,9.9,56.5,5.1,9.9,32.5,22.2,8.3,14.1,7.8,5.5,6.2,6,5.1,4.9,5,5.9,6.9,7.3,6.8,6.1,6.3,5.6,5,5,3.8,2.9,394775,53869
39100,"Poughkeepsie-Newburgh-Middletown, NY Metro Area",529739,64020,1160,18545,4.7,4,7.5,7.8,11.5,18.8,14.9,19,7.3,4.6,8.3,66.3,4.4,8,31,18,9.7,16.8,12.1,6.9,7.7,8.4,7.1,5,5.5,7,8.5,8.5,7.3,6.1,4.6,3.2,2.8,2.1,1.7,1.5,668735,72061
39140,"Prescott, AZ Metro Area",189220,1380,3833,1437,6.9,6.2,12.5,13.2,17.8,19,11,8.4,2.6,2.4,11.2,55.1,3.6,7.7,28.1,29,7.7,14.6,9.3,5,6,5.7,4.8,4.5,4.4,5.3,5.3,7.1,7.7,8.2,7.9,6.7,5.4,4.6,3.4,2.5,209365,15053
39300,"Providence-New Bedford-Fall River, RI-MA Metro Area",1367071,74998,5444,38843,7.5,6,9.9,9.1,12.7,18.2,13.9,14.2,4.9,3.6,12,66.9,8,10,29.4,16.9,7.9,17.5,10.3,5.9,6.5,7.3,6.8,6.3,6.1,7,7.8,8,7.3,6.2,5,3.6,3,2.7,2.3,2.2,1602591,199498
39340,"Provo-Orem, UT Metro Area",471355,2749,2955,6999,4.4,4.1,9,10.6,15.3,22.3,14.8,13,3.7,2.9,11.7,68.1,2.1,5.1,19.3,28.3,11,23.4,10.8,9.9,8.5,10.1,15.3,7,5.8,5.6,5.1,4.6,4.1,3.4,2.6,1.9,1.6,1.3,0.8,0.8,514553,33240
39380,"Pueblo, CO Metro Area",126814,2747,2252,1081,9.7,7.6,14.2,12.2,15.7,18.3,10.9,8.1,1.5,1.8,16.4,59.9,4.8,10.3,29.2,25.2,9.6,13.8,7.2,6.8,6.9,7.1,6.6,6.4,5.8,6.1,6.6,7.1,7.1,6.4,5.2,4.1,3.5,3.1,2.5,1.7,153814,5452
39460,"Punta Gorda, FL Metro Area",141323,7864,402,1618,5.6,5.3,13.3,12.8,19.2,20.4,10.7,7.9,2.4,2.3,9.3,46.4,3,9.1,36,23.2,8,13,7.8,4,4.4,4.6,3.8,3.5,3.5,4.6,5.4,6.4,6.6,7.8,8.7,8.6,7.1,7.3,5.5,4.5,156043,15053
39540,"Racine, WI Metro Area",164400,20598,543,2022,5.7,4.2,10.5,10.8,14.9,21.1,14.2,12.9,3.3,2.3,9.4,66.8,4.6,8.8,34.4,21.3,8.4,14.9,7.5,7,7,7.1,6.1,6,6,6.9,7.8,8.4,7.6,6.3,4.8,3.3,2.9,2.2,2.1,1.8,199147,9457
39580,"Raleigh-Cary, NC Metro Area",733632,206789,3333,38944,5.2,4.2,8.8,9.7,14,18.5,13.8,15.4,5.7,4.8,9.3,71.1,4.6,6.5,20.8,18.5,8.2,27.7,13.6,7.3,7.2,6.8,6.1,7.8,8.2,8.5,8.4,7.7,6.5,5.1,4.2,2.7,2,1.6,1.1,1,1042848,111980
39660,"Rapid City, SD Metro Area",104750,1412,7617,1362,7.4,5.1,11.6,13.7,17.4,21.2,11.4,7.9,1.9,2.4,12.7,70.4,2.5,5.9,30.4,25.4,9.7,17.9,8.2,6.4,6.7,6.7,7.6,7.6,6.1,5.6,6.6,7.5,7.3,6.4,4.8,3.7,3,2.4,2,1.8,121029,2677
39740,"Reading, PA Metro Area",345052,17898,538,4828,5.4,4.7,11,11,14.2,21.6,14.2,12.1,3.7,2.2,10.3,66.5,6.1,11.3,38.7,15.5,6.8,14.4,7.1,6.4,7,7.7,6.1,5.9,5.8,6.8,7.6,7.9,7.1,6.2,4.9,3.8,3,3,2.2,2.2,401488,23931
39820,"Redding, CA Metro Area",158210,1785,4656,4662,7.8,7.8,12.5,11.5,14.6,19.2,11.7,9.1,3.1,2.6,15.1,57.6,3.2,9.5,27.6,30.2,10.1,13.1,6.4,5.9,7.1,7.4,6.4,5.9,4.9,5.4,6.9,7.7,7.7,7.1,6.2,4.3,4,2.8,2.2,2,179387,9956
39900,"Reno-Sparks, NV Metro Area",325742,9289,7518,20951,5.5,4.5,9.8,10.3,14.3,20.3,13.7,13.7,4.1,3.9,10.1,69.5,5.3,8.6,25.6,26.6,7.5,17,9.3,6.6,6.6,6.7,7,7.6,6.5,6.8,7,7.5,7.2,6.3,5.3,3.8,2.7,2.2,1.7,1.3,408760,61299
40060,"Richmond, VA Metro Area",779254,359583,4822,31664,5.8,4.4,8.8,9.6,14.4,20.2,13.9,13.8,4.9,4.2,9.8,67.1,5,9.8,28.2,20.6,5.8,19.9,10.8,6.4,6.8,7.2,6.6,6.9,6.6,7.1,7.8,7.9,7.3,6.3,4.9,3.6,2.6,2.3,1.7,1.5,1209484,73703
40140,"Riverside-San Bernardino-Ontario, CA Metro Area",2523469,301085,39435,222997,4.9,5.1,10,10.1,13.9,19.2,13.8,14.4,5,3.5,11.6,63,10.1,11.7,26.8,24.2,7.9,12.7,6.6,8,8.7,8.4,7.2,7,6.6,7.1,7.2,7.1,6.1,4.8,3.8,2.9,2.4,2,1.4,1.1,4022939,866849
40220,"Roanoke, VA Metro Area",249577,37126,640,3830,7.3,5.8,11.2,12.6,15.7,19.8,12.6,9.9,2.5,2.5,11.4,63.2,5.9,10,31.4,21.2,7.6,15.7,8.2,5.5,6.4,6.5,6,5.8,5.6,6.4,7.3,7.8,7.7,6.8,6.2,4.4,3.8,3.1,2.4,2.4,296624,11213
40340,"Rochester, MN Metro Area",164346,5181,439,7195,4,4.2,8.4,8.6,13.9,21,15.4,15.1,4.7,4.6,6.9,73,2.8,4,26.8,20.9,11,21.1,13.4,6.7,6.8,6.6,6.5,7.3,6.4,6.6,7.4,8.1,7.1,5.9,4.4,3.7,2.6,2.4,1.8,1.9,180920,12432
40380,"Rochester, NY Metro Area",857593,114984,2631,22908,7.4,5.2,10.8,10.9,14.3,20,13,12.1,3.5,2.7,12,63.8,3.8,7.8,28.6,17.4,11.1,18.1,13.1,6.1,6.8,8.2,7.4,5.5,5.3,6.5,7.5,8.2,7.5,6.5,5.2,3.8,3,2.5,2.1,2.1,1033026,65808
40420,"Rockford, IL Metro Area",288823,34627,1122,6582,7.7,5.4,11.6,11.6,15,20.2,12.8,11.1,2.4,2.4,12.9,65.6,5.6,10.3,35,21.3,7.4,13.5,6.8,7.1,7.4,7,6.1,6.5,6.2,7.1,7.2,7.7,7,5.9,5.2,3.6,2.9,2.4,1.9,1.9,348203,27680
40580,"Rocky Mount, NC Metro Area",75050,63227,482,849,13,7.7,13,12.1,16.3,17.5,9.3,7.5,1.9,1.7,18.9,62.2,7.6,13.9,34.9,19.8,8.1,11.2,4.5,6.9,7.1,7.1,6.1,5.6,5.7,6.3,7.5,7.9,7.6,6.6,5.6,3.9,3.1,2.6,2.1,1.6,145400,5109
40660,"Rome, GA Metro Area",76505,12857,225,1373,9.7,8.9,12.7,11.8,15.6,19.1,9.8,7.9,2.5,2.1,17.2,60.2,9.9,14.4,32.5,20.2,5,10.7,7.3,6.6,6.9,7.4,6.9,6.6,6.1,7.4,6.3,6.9,6.4,5.7,5.1,4.2,3.1,3.1,2,1.8,95239,6058
40900,"Sacramento--Arden-Arcade--Roseville, CA Metro Area",1412452,148745,20086,232402,4.7,5,9,9.3,13.4,19.2,13.9,15.3,5.8,4.5,10.4,64.8,6,7.2,22.4,25.3,9.3,19.9,9.9,6.7,7.3,7.4,7.3,7.1,6.5,6.9,7.3,7.6,6.9,5.9,4.5,3.4,2.7,2.2,1.8,1.5,2076579,352717
40980,"Saginaw-Saginaw Township North, MI Metro Area",154237,37071,861,2193,10.3,6.9,12.7,12.2,15.5,18.6,11,9.1,2.3,1.5,16.8,57.9,3.5,10.2,36.1,23.4,8.8,11.7,6.2,6.5,7.1,7.7,6.4,6.2,5.5,6.1,7,7.7,7.4,6.7,5.3,3.9,3.4,2.8,2.2,2,202814,3943
41060,"St. Cloud, MN Metro Area",175247,2956,555,2931,6.5,5.2,10.7,11.8,14.7,21.4,14.9,9.9,2.5,2.4,12.6,72,5.2,5.2,33.4,23.5,10.3,15.1,7.3,6.4,6.3,8.8,12,6.2,5.5,6.1,7,7.3,6.5,5.4,4,3.1,2.8,2.3,1.8,1.7,185628,4935
41100,"St. George, UT Metro Area",119917,836,1541,1170,4.3,4.4,10.2,12.3,20.6,21.9,12.4,9.3,2.5,2.2,8.5,59.1,2.5,7,28.7,29.7,9.1,15.3,7.6,8,7.5,6.8,7.1,8.4,6.3,5.3,4.3,5,4.9,4.7,5.1,4.7,4.1,3.5,2.4,2.3,130258,7312
41140,"St. Joseph, MO-KS Metro Area",115198,4619,472,641,8.1,6.4,13.6,12.8,17.1,20,11.2,7.7,1.9,1.2,12.8,62.6,4.4,10.1,41.2,21.1,5.1,12.3,5.8,6,6.5,7.1,7,7.5,6.3,6.5,7.4,7.6,6.9,5.8,4.9,3.6,3.2,2.9,2.1,2.4,125274,2382
41180,"St. Louis, MO-IL Metro Area",2183375,501659,5877,51926,6.8,5.1,10.5,10.5,14.3,19.6,13.4,12.4,4,3.4,11.1,67,4.3,8.4,28.6,22.7,7.5,17.8,10.7,6.5,6.9,7.1,6.5,6.9,6.2,6.7,7.3,8.1,7.4,6.1,4.8,3.6,2.9,2.5,2,1.9,2803776,112844
41420,"Salem, OR Metro Area",323023,3688,9293,7088,6.5,5.5,12.4,12.4,15.8,20.5,12.6,9.7,2.5,2.1,13.2,63.6,8,8.8,27.2,25.6,8.8,14.3,7.4,6.9,7.3,7.3,7.4,6.9,6.3,6.3,6.6,6.7,6.7,6,5,3.4,2.9,2.4,1.9,2.2,384379,49015
41500,"Salinas, CA Metro Area",272927,13475,2753,25449,4.1,4.9,9.3,9.5,13.9,19.4,13.7,15.2,5.2,4.8,11,65.8,18.7,10.5,20.9,19.2,7.2,14.5,9.1,7.1,7,7.5,8.1,7.7,7.2,6.8,7.1,6.8,6.2,5.4,4.1,2.8,2.3,2,1.6,1.4,404922,119974
41540,"Salisbury, MD Metro Area",80793,31913,270,2001,7,6.4,10.2,10.7,16.5,19.7,13.2,10.7,3,2.5,12.6,63.1,4.9,10.7,36.9,19.2,6,13.3,9,6.1,5.9,8,8,8,6.3,6.2,6.7,7.2,6.9,6,5.2,3.9,3,2.8,2,1.5,118770,6001
41620,"Salt Lake City, UT Metro Area",950160,15371,9151,32586,4.8,3.8,8.3,9.9,15.5,21.8,14.3,13.8,4.2,3.7,8.9,72.3,3.7,7,25.1,25.7,8.7,19.8,9.9,8.2,7.4,7,7.3,9.8,8.4,7.1,6.2,6.4,5.9,5,3.5,2.5,1.9,1.6,1.3,1.1,1090416,121760
41660,"San Angelo, TX Metro Area",89320,4307,725,1121,7.7,6.8,15.1,13.2,15.3,19.3,10.8,8.5,1.3,1.9,14.7,65.9,8.2,11.5,29.4,22.9,6.8,15.2,6,6.3,6.4,7.8,9.4,8.4,5.8,6.3,5.3,6.6,6.3,5.6,4.6,3.9,3.1,2.9,2.2,1.8,108321,6654
41700,"San Antonio, TX Metro Area",1441157,123443,13499,35610,8.6,5.8,11.5,11.2,14.9,18.7,11.9,11,3.3,3.2,15.1,64.6,9.3,9.6,26.8,22.9,6.9,15.8,8.7,7.4,7.8,7.4,7.3,7.3,6.8,6.7,7.3,7.1,6.3,5.5,4.4,3.2,2.5,2.1,1.5,1.4,1979686,221131
41740,"San Diego-Carlsbad-San Marcos, CA Metro Area",2124247,151261,21272,304192,4.7,4.5,8.6,8.9,13.2,18,13.6,15.7,6.6,6.1,10,66.1,7.3,7.5,20.2,23,8,21.3,12.7,6.4,6.6,7.1,8.1,8.1,7.1,7.2,7.2,7.4,6.7,5.5,4.2,3.1,2.5,2.2,1.8,1.6,2987543,677299
41780,"Sandusky, OH Metro Area",67709,6519,245,498,7.9,6.4,10.9,10.9,17,18.6,12.8,11.7,2,1.7,12.8,62,3.1,9,39.8,20.5,7.9,12.8,6.8,5.5,7.1,6.6,5.7,4.5,4.9,6.8,6.4,8,8.1,7.6,6.1,4.9,3.8,3.5,2.5,2.3,77400,1440
41860,"San Francisco-Oakland-Fremont, CA Metro Area",2372625,362644,19368,926843,4.9,4.4,7.2,7.1,10.4,15.9,12.9,17.7,8.8,10.6,8.9,67,6.9,6.1,18.4,18.4,7,26.6,16.6,5.8,5.8,5.9,5.9,7.7,7.7,8,8,7.9,7.2,6.4,4.9,3.5,2.7,2.4,1.9,1.8,4218534,1227978
41940,"San Jose-Sunnyvale-Santa Clara, CA Metro Area",934911,45126,10045,524239,4.1,3.2,6.3,6.2,9.5,14.9,13.2,19.5,10.4,12.6,7.7,67,7.9,6.7,17.3,17.4,7.6,24.9,18.3,6.6,6.6,6.3,6.3,7.7,8.1,8.4,8,7.8,6.6,5.4,4.1,3.1,2.4,2.1,1.6,1.4,1784130,634658
42020,"San Luis Obispo-Paso Robles, CA Metro Area",223498,5088,2416,8286,6.4,5.7,10.4,9.5,13.3,18.9,12.3,14,5.1,4.4,13.7,59.8,4.6,7.5,22.3,25.3,10.2,19.1,10.9,4.8,5.5,9.1,12.8,4.2,4.3,5.8,6.3,7.7,7.8,7,5.3,4.1,3.2,2.6,2.3,2.3,262149,25243
42060,"Santa Barbara-Santa Maria-Goleta, CA Metro Area",306777,7647,3967,17887,4.9,5.1,9.4,9.4,13.6,19,12.2,14.4,5.7,6.3,11.4,63.1,11.7,7.5,19.1,22.1,8.4,18.6,12.6,5.9,6.5,9.4,12.1,4.8,5.4,5.9,6.5,6.9,6.4,5.5,4.4,3.3,2.8,2.7,2.1,2,402025,89166
42100,"Santa Cruz-Watsonville, CA Metro Area",213220,2445,1095,9674,5.2,5.2,8.7,8.5,11.9,16.8,13.1,15.9,6.5,8.4,11.7,67.6,8.8,6.1,16.6,21.9,7.9,24,14.7,5.4,6,8.6,10.9,4.8,5.5,6.5,7.1,7.7,8,7.3,4.9,3,2.2,1.9,2,1.5,251398,43150
42140,"Santa Fe, NM Metro Area",113154,1343,4689,1684,7.4,4.9,10.9,9.9,14.4,18.4,12.1,12.5,4.2,5.3,12.6,67.7,6.6,7.8,22.6,18.8,5.4,20.8,17.9,5.8,6,6.4,6.3,6.1,6.2,6.6,7,7.8,8.1,8.2,6.6,4.2,3.3,2.4,1.4,1.8,143501,18630
42220,"Santa Rosa-Petaluma, CA Metro Area",375358,7105,5027,18029,4.3,4.4,9,8.6,12.6,18.7,14,16.6,6.1,5.5,8.6,66.3,7.1,6.8,21.5,24.8,8.6,20.1,10.9,5.7,6.5,7,6.5,6.8,5.7,6.5,7.1,8,7.9,7.3,5.6,3.7,2.7,2.5,2,2.2,464218,75713
42340,"Savannah, GA Metro Area",202566,111670,681,6137,9,5.5,11.4,11.2,14.9,19.3,12.1,10.4,3.4,2.7,14.1,64,3.9,9.3,32,20.9,7.4,17.5,9,6.5,6.9,7.3,7.8,8.4,6.5,6.4,7,7.2,6.5,5.8,4.7,3.5,2.6,2.2,1.7,1.4,328544,13622
42540,"Scranton--Wilkes-Barre, PA Metro Area",518725,13122,526,4768,8,7.8,14.1,12.3,15,19.2,11.2,8.7,1.9,1.9,13.1,60.6,3.8,9.3,41,16.7,8,13.7,7.5,5.4,6,6.9,6.1,6,5.4,6.2,7.3,7.6,7.3,6.8,5.6,4.4,3.8,3.7,3.2,2.8,548901,17799
42660,"Seattle-Tacoma-Bellevue, WA Metro Area",2503256,176068,32153,341684,5.5,3.7,7.6,8.7,13.3,19,14.5,16.4,6,5.4,9.3,69.6,3.2,5.7,22.2,23.3,8.9,24,12.7,6.1,6.4,6.4,6.7,8.1,7.4,7.7,7.9,8.1,7.4,6.2,4.6,3.1,2.3,1.9,1.6,1.5,3306836,507243
42680,"Sebastian-Vero Beach, FL Metro Area",115407,10946,337,1493,5.6,6.5,13,11.9,16.3,19.1,9.6,9.5,3.2,5.2,11,54.8,4.9,8.7,29.5,22.5,8,16.7,9.7,4.9,5.7,5.6,4.9,4.8,4.4,5,6.2,7,6.6,6.7,6.6,6.2,5.4,6.1,4.9,3.7,131811,13311
43100,"Sheboygan, WI Metro Area",103423,1577,581,4762,4.3,5.4,9.8,11.8,16,22.1,15.6,10.9,2.6,1.6,7.6,70.3,3.8,7.2,38.3,20.4,9.4,15,5.9,6.5,6.7,6.9,6.4,5.8,5.7,6.9,7.6,8.2,7.5,6.6,4.8,3.6,3.1,2.6,2.4,2.2,114122,5419
43300,"Sherman-Denison, TX Metro Area",100092,6681,1574,965,7.8,6.2,12.2,11.3,16.8,18.7,13.4,9.1,2.6,1.8,13.5,63,5.7,9.9,32.8,24.1,8.5,13.2,5.8,6.8,6.6,7.1,6.1,6.7,5.7,6.3,6.4,7.5,7.1,6.6,5.2,4,3.8,2.6,2.6,2,117913,6272
43340,"Shreveport-Bossier City, LA Metro Area",223073,150387,1611,4118,11,7.8,13.5,12.2,14.5,16.8,10.4,8.7,2.7,2.3,17.8,63.2,4.7,11.4,34.6,22.2,5.7,14.4,7.1,7,6.9,7.2,7.4,7.7,6.3,6.3,6.5,7.1,6.9,5.9,4.7,3.6,3.2,2.6,2,1.7,387436,9055
43580,"Sioux City, IA-NE-SD Metro Area",120944,2555,2271,4087,6.3,7,12.2,12.2,17.1,21.5,11.4,8.3,2.4,1.4,12.3,70.2,7.1,8.7,35.4,20.7,8.2,14,6,7.3,7.5,7.5,6.7,6.4,6.2,6.3,6.6,7.4,7,5.8,4.8,3.6,2.5,2.6,2.2,1.8,142230,11186
43620,"Sioux Falls, SD Metro Area",208753,4551,4015,2765,5.1,4.9,10.5,11.6,15.7,22.7,14.6,9.7,2.6,2.6,8.8,75.4,3.6,5.5,30.9,21.3,10.4,20.1,8.1,6.7,6.7,6.7,7.2,8.6,7,6.6,7.2,7.3,6.6,6.3,4,3,2.8,2,1.8,1.8,227384,9289
43780,"South Bend-Mishawaka, IN-MI Metro Area",259564,33758,1286,5036,7.8,5.5,12.7,12.5,16.9,19.1,11.7,9.2,2.5,2.1,12.7,65.5,3.7,10.4,33.7,21.2,7,15,9.1,6.6,6.9,7.9,7.3,6.8,6,6.7,6.2,7.3,7.1,6.4,4.7,3.5,2.8,2.8,2.3,1.8,316883,15514
43900,"Spartanburg, SC Metro Area",206701,57358,433,5011,8.7,7.6,13.1,12.8,14.5,19.8,10.9,8.3,2.5,1.9,14.3,61.7,7.9,13.4,31.4,18.8,8.8,12.9,6.9,6.9,6.6,7.1,6.2,6.4,6.4,7.3,7.3,7.3,6.9,6.4,5.1,4.1,2.9,2.8,2,1.5,276544,15064
44060,"Spokane, WA Metro Area",411853,7287,5000,9939,7.9,5.8,11.9,12,16.1,19.8,12,9.3,2.7,2.5,13.5,64,2.1,6.4,25.5,27,11.7,17.4,9.8,6.3,6.7,7.2,7.6,7.9,6.2,6.3,6.8,7.5,7.3,6.2,5,3.5,2.9,2.6,2,1.7,454927,21635
44100,"Springfield, IL Metro Area",178465,20753,306,2492,6.8,5.2,11.3,11.1,14.7,19.3,13.6,12.4,3.2,2.5,11.5,68.3,3.3,6.4,30.6,22.1,7.9,18.6,11,6.6,6.5,6.4,6.2,6.4,5.9,6.4,7.3,8.1,7.7,7.1,5.1,3.9,3.1,2.4,2.2,2.1,206509,4829
44140,"Springfield, MA Metro Area",577568,43272,1384,14474,8.3,7.2,11.1,9.9,13.1,18.3,13.8,12.3,3.3,2.6,14.6,63.9,5.2,9,31.8,17.3,8.6,16.1,11.9,5.9,6.5,8.6,8.8,5.3,5.2,6.3,7.3,7.8,7.5,6.6,5,3.6,2.9,2.5,2.3,2.3,695157,54366
44180,"Springfield, MO Metro Area",390686,8002,1472,3929,8.4,6.6,13.9,13.4,16.9,19.4,10.2,7.6,2,1.6,15,65.2,3.8,9.1,32.8,24.1,6,16,8.1,6.4,6.3,7.4,10.1,6.6,5.8,6.4,6.6,7.2,6.5,5.7,4.9,4,3,2.6,2,1.9,417635,8566
44220,"Springfield, OH Metro Area",123343,12112,479,840,8.1,6.7,12.7,12.3,16.7,20.3,11.3,8.6,2.2,1.3,13.3,62.6,3.6,11.6,39.9,20.9,8.1,10.1,5.9,6.2,7.1,6.9,6,6.1,5.4,6.1,6.9,7.3,7.3,7.1,5.4,4.4,3.6,3.1,2.4,2.2,140419,2447
44300,"State College, PA Metro Area",130407,4206,310,6834,10.7,5.6,12,10.9,14.6,18.3,11.4,10.9,2.7,2.9,18.5,58.5,2.4,5.5,34,13.3,6.5,19.9,18.5,4.5,4.4,14.4,19.7,5.4,4.7,5.4,5.9,5.8,5.5,4.7,3.9,3.1,2.5,2.3,1.7,1.4,144306,9016
44700,"Stockton, CA Metro Area",402861,48842,6172,91275,5.4,5.9,10.5,9.8,14.3,18.8,13.2,13.9,4.7,3.4,13.1,62.2,12.3,11.8,27.2,23.4,8.2,12.1,5,8.1,8.6,8.4,6.9,6.8,6.5,7,7.1,7.1,6.1,5,4,2.8,2.3,1.8,1.5,1.5,664641,153229
44940,"Sumter, SC Metro Area",51944,49180,335,1317,10.5,7.2,15.5,13.5,16.1,18.6,9.9,6.2,1.5,1.1,17.7,59.7,6.3,12.7,32.6,21.2,9.4,11,6.6,7,7.2,7.3,8.6,6.8,5.6,6.1,6.9,6.9,6.6,5.7,4.7,3.8,3.1,2.7,1.8,1.5,104441,3037
45060,"Syracuse, NY Metro Area",564175,47554,4003,13265,7.8,6.1,11,11.1,14.7,19.5,12.5,11.7,3.3,2.4,12.8,64.3,3.3,8.5,31.4,18.1,11.1,16,11.7,6.2,6.8,8.3,7.1,6.3,5.5,6.2,7.6,8,7.4,6.4,4.9,3.7,2.9,2.7,2.1,1.9,645302,31578
45220,"Tallahassee, FL Metro Area",217388,115213,1285,7102,12.8,6.2,12,11.2,13.5,17.4,11.1,10,3.3,2.5,21,65.1,4,9.2,26.3,20.2,7.5,19.2,13.6,5.4,5.7,9.1,16.2,6.1,5.3,6.1,6.3,6.8,6.6,6.1,4.3,3.1,2,2.2,1.4,1.2,351913,20526
45300,"Tampa-St. Petersburg-Clearwater, FL Metro Area",2201452,305977,7394,74149,6.8,5.8,12.4,12.4,16.2,18.8,11.2,10.1,3.2,3.1,11.6,61.6,4.3,9.4,31.1,20.9,8.8,17,8.4,5.7,6.3,6.1,5.8,6.7,6.2,6.6,7.4,7.5,6.9,6.2,5.4,4.2,3.7,3.7,2.9,2.6,2702390,321603
45460,"Terre Haute, IN Metro Area",156238,7677,502,1848,9.6,8.4,13.8,12.9,15.8,18.6,10.4,7.8,1.5,1.1,16.9,59.9,3.5,10.8,38.9,20.1,8.4,10.9,7.4,5.8,6.4,7.8,9.6,6,5.6,6.6,6.8,7.1,7,6.3,5,3.9,2.9,2.6,2.3,2.2,169733,3348
45500,"Texarkana, TX-Texarkana, AR Metro Area",96025,31487,1093,886,10.9,7.6,14.5,11,16.5,18.4,9.2,7.6,2.4,1.9,17.1,60.2,6.3,11.5,35.5,24.4,5.7,11,5.6,7,6.4,6.9,6.7,7.4,6.4,6.6,7.1,7.1,6.8,6,5.3,3.7,3.2,2.4,2.3,1.9,134812,4222
45780,"Toledo, OH Metro Area",552737,85493,1582,8236,9.5,6,11.8,11.8,14.8,19.5,11.5,10.4,2.6,2,15.3,66.3,3.3,9.5,34.9,22.1,8.2,13.9,8.2,6.3,6.8,7.9,7.8,6.6,6,6.2,6.9,7.6,7.4,6.3,4.9,3.6,2.8,2.7,2.1,1.8,673545,21263
45820,"Topeka, KS Metro Area",192988,15515,3287,2414,7.1,5.3,12,12.2,15.2,20.9,12.6,10.3,2.5,1.9,11.8,68,3.4,6.6,34.2,23.6,5.8,17.7,8.7,6.6,6.8,6.7,6.2,6.5,5.8,6.1,6.9,7.8,7.6,6.8,5.2,4.1,3.2,2.8,2.1,1.9,228761,7275
45940,"Trenton-Ewing, NJ Metro Area",241617,71757,989,28546,5.7,4.3,7.6,7.6,10.3,16.2,13.4,17.2,8.1,9.6,9.5,66.5,5.4,8.1,25.6,16.1,6.1,20.8,17.9,6.2,6.6,7.6,7.3,6.6,6.6,7.3,7.7,7.9,7.1,5.7,4.8,3.4,2.7,2.4,2,1.7,363778,67139
46060,"Tucson, AZ Metro Area",731847,33194,32920,24612,7.7,6,12.3,12.4,15.3,18.6,11.5,10.3,3,2.8,13.7,61,5.5,8.1,24.4,25,7.9,17.5,11.4,6.3,6.5,6.9,6.9,7.8,6.4,6,6.5,6.9,6.7,6.1,5.3,4.1,3.2,3.1,2.3,2,990213,130823
46140,"Tulsa, OK Metro Area",680993,75998,54753,13192,7.8,6.3,12,12.5,15.3,19.1,11.5,10.1,2.7,2.7,13.7,66,4.3,8.6,31,23.1,8,17.3,7.7,7,7,7,6.6,7.2,6.5,6.5,6.9,7.5,7,6.2,4.8,3.5,3,2.5,1.9,1.5,905004,48243
46220,"Tuscaloosa, AL Metro Area",127922,72766,577,2028,15.6,7.7,13.2,10,14.7,16.4,9.9,8.3,1.9,2.2,22.3,59.5,5.9,12.4,31.2,20.2,5.9,14.1,10.2,6.5,6.3,8.6,12.8,6.5,5.7,6.2,6.2,6.6,6.8,5.8,4.2,3.3,2.6,2.3,1.8,1.3,205860,5596
46340,"Tyler, TX Metro Area",145577,35694,972,1644,7.4,6.4,13.3,11.9,15.6,17.9,11.3,9.3,3.2,3.7,14,63.1,7,9.4,27.8,24.1,8.5,15.8,7.4,7.3,6.7,7.3,7.3,7.1,5.9,5.9,6.6,6.8,6.6,6,4.6,4.1,3.4,2.8,2.1,2,197631,16600
46540,"Utica-Rome, NY Metro Area",265879,13721,755,4030,7.8,6.4,13.8,11.9,15.5,20,11.7,9.2,2.1,1.6,13.5,60.2,4.4,9.8,35.1,18.8,11.7,12.3,8,6,6.3,7.3,6.9,5.7,5.3,6.3,7.4,7.8,7.4,6.7,5.4,4.3,3.3,3.1,2.8,2.5,293468,15730
46660,"Valdosta, GA Metro Area",80386,42504,350,1612,12.1,6.6,13.5,13,16,18.1,9.7,7.6,2,1.5,20.2,66.4,6.3,12.5,32.7,20.7,7.4,12.6,7.8,6.5,6.8,8.3,13.1,6.9,5.9,6.5,6.9,6.4,5.8,4.9,4.2,3.4,2.4,1.9,1.5,1.1,130888,5697
46700,"Vallejo-Fairfield, CA Metro Area",214951,58483,2852,56658,4.2,4.2,7.1,8,12.9,18.9,15.5,17.6,7,4.5,9.2,64.7,6.5,8,24.5,26.5,10.6,16.9,7,6.9,7.3,7.4,7.2,6.7,6.4,7,7.5,7.9,7.3,6,4.6,3.3,2.4,2.1,1.6,1.5,406461,78759
47020,"Victoria, TX Metro Area",86640,5835,194,1599,7.8,6.4,12.2,13.1,14.7,19.6,11.5,9.7,2.8,2.3,14.2,65.5,10,11.1,31.4,23.9,7.1,11.5,4.9,7.7,7,7.3,6.6,6.3,5.5,5.8,7.1,7.4,6.9,6.3,4.8,3.8,3.2,2.9,1.9,1.6,113596,7449
47220,"Vineland-Millville-Bridgeton, NJ Metro Area",102992,31832,1706,1820,7.5,7.6,11,10.5,13.4,19.9,13,11.7,3.4,1.9,14,59.3,9.2,15.5,39.7,16.7,5.5,9.5,3.9,6.6,6.5,7.1,6.5,7.2,7.3,7.2,7.6,7.3,6.3,5.7,4.7,3.6,2.9,2.5,1.8,1.8,155266,13698
47260,"Virginia Beach-Norfolk-Newport News, VA-NC Metro Area",1027145,521711,5039,52354,5.8,4.2,9,10,15,20.9,14.4,13.5,4.2,3,9.9,69.3,3.3,8.3,28,24.9,8.4,17.1,10,6.5,6.9,7.7,8.6,7.5,6.4,6.7,7.4,7.5,6.6,5.6,4.4,3.3,2.7,2.2,1.6,1.3,1669614,97625
47300,"Visalia-Porterville, CA Metro Area",316499,6232,4726,14396,7.2,6.7,14.2,13.4,15.1,18,10.9,9.6,2.8,2.1,18.8,61.2,20.9,11.9,25.1,21.7,7.5,8.8,4.1,8.6,9.2,8.6,7.4,7.3,6.5,6.6,6.2,6.3,5.6,4.8,3.7,2.8,2.2,1.8,1.3,1.3,416299,94047
47380,"Waco, TX Metro Area",175051,33613,1085,3273,12.5,7.1,13.6,11.4,14.9,17.9,9.6,8.8,2.1,2.1,20.3,63,9,11.6,28.8,22,8.3,13.2,7.2,7,6.8,9.7,12,5.6,5.2,5.9,5.9,6.6,6.1,5.5,4,3.5,2.6,2.3,2,2,228369,18554
47580,"Warner Robins, GA Metro Area",87572,35314,305,2595,7.8,4.5,8.5,10.4,15.2,19.6,15.8,12.4,3.9,1.9,11.7,67.3,3.9,8.1,29.5,24.5,8.9,15.2,9.9,7.4,7.6,7.8,7.5,7.2,6.2,6.7,7.6,7.9,6.6,5.5,4.1,3.3,2.8,2.1,1.4,1,130910,5305
47900,"Washington-Arlington-Alexandria, DC-VA-MD-WV Metro Area",3050519,1389120,17191,448898,4.1,2.4,4.9,6,10.3,16.7,14.3,20,10.4,10.9,6.6,72.8,4.7,5.8,20.1,17.1,5.7,24.8,21.9,6.6,6.7,6.8,6.5,7.3,7.3,7.8,8.2,8,7.1,6.1,4.5,3.1,2.3,1.8,1.3,1.2,5332297,1059757
47940,"Waterloo-Cedar Falls, IA Metro Area",146473,10152,426,1566,7.7,7,12.2,12.1,15.5,21.4,11.9,9.1,1.8,1.5,14.3,66.6,3.6,6.6,35.2,20.7,9.8,16.6,7.5,5.8,6,8.2,12.6,5.2,4.8,5.3,6.2,6.7,7,6.1,5,3.8,3.2,2.9,2.4,2.5,163040,5636
48140,"Wausau, WI Metro Area",120418,604,469,6652,4.5,4.5,10.6,11.1,16.2,22.5,15,10.8,2.6,2.2,8,72.1,5.6,6.4,37.8,18.8,10.5,13.9,7,6.4,7.1,7,6.3,5.9,5.6,7,7.4,8.2,7.5,6.7,4.8,3.8,3,2.8,2.1,2,129803,4902
48260,"Weirton-Steubenville, WV-OH Metro Area",115426,4543,216,510,9.4,7.4,15.2,13.7,16.9,18,10.1,6.9,1.5,0.9,14.7,56.5,4.1,9.1,44.6,19,8.7,9.6,5,5.4,5.7,6.6,5.7,5.1,5.2,5.9,6.7,7.9,8.3,7.4,6.1,4.9,4.5,3.5,3.2,2.8,122778,1557
48300,"Wenatchee-East Wenatchee, WA Metro Area",91681,395,1068,765,5.8,5.9,12.4,11.3,17.6,20.8,11.6,9.6,3.2,2,11.6,63.2,10,8,27.4,23.1,9.5,14.5,7.4,7.1,7.3,7.6,6.2,5.6,5.4,5.9,6.5,7.3,7.5,6.5,5.6,3.9,3.6,2.6,2.3,2,106813,12968
48540,"Wheeling, WV-OH Metro Area",138205,4449,148,829,10,9,14.7,13.8,15.8,18.2,10,5.9,1.5,1.1,15.9,57.1,4.2,9.1,43.4,19.3,7.6,10.2,6.2,5.4,5.8,6.6,6.3,5.5,5.4,6.5,6.4,7.8,8.2,7.7,5.5,4.2,4.3,3.7,2.6,3.1,145942,1579
48620,"Wichita, KS Metro Area",485778,43170,4794,18469,6.7,5.4,11.9,11.4,16,19.6,12.5,11.1,3,2.4,11.9,69.4,3.7,7.6,30.1,25.2,7.1,17.8,8.5,7.3,7.5,7,6.7,7.4,6.5,6.5,6.5,7.6,7.1,5.9,4.3,3.2,2.7,2.4,1.8,1.8,596643,36588
48660,"Wichita Falls, TX Metro Area",121298,13646,1248,3048,8,6.9,12,12.2,17.7,19.5,11.3,7.9,1.9,2.5,14.4,63.9,5.5,10.8,33.9,23.3,6,14.1,6.3,6.8,6.2,8.5,9.1,7.3,5.8,6.4,6.3,6.9,6.5,5.3,4.7,3.5,3.5,2.9,1.8,1.6,148502,7832
48700,"Williamsport, PA Metro Area",109124,5093,248,611,8.2,6.5,14.7,13.3,16,20.7,10.2,7.6,1.3,1.5,13.9,63.1,3.5,12,40.2,16.1,9.8,12.2,6.2,5.3,6.3,7.2,6.9,6.5,5.5,6.3,6.7,7.6,7.6,7,5.1,4.2,3.7,3.3,2.6,2.5,117043,1517
48900,"Wilmington, NC Metro Area",271497,48090,2180,2801,8.8,6.1,11.6,11.6,16.3,19,10.6,9.8,3,3.3,14.2,63,4,9.5,27.5,21.9,9,19.2,9.1,5.5,5.5,6.4,8.2,6,6,6.6,6.7,6.9,7,7.2,6.8,5.3,3.6,2.9,2,1.5,337583,13573
49020,"Winchester, VA-WV Metro Area",108833,5842,401,1494,5.4,5,11.1,10.9,16,19,13.2,13.1,3.5,2.6,10,67.3,6.9,11.2,36.6,17.7,6.2,13.2,8.2,6.8,6.7,6.5,6.1,6.6,5.9,7.3,7.9,8.1,6.9,6.5,5,4.1,3,2.5,1.8,1.4,120497,7357
49180,"Winston-Salem, NC Metro Area",339124,93546,1210,5362,7.6,6.2,11.9,12.5,15.2,19.2,11.3,10,3,2.9,12.9,64.5,6,9.7,30.9,19.9,7.2,17.9,8.4,6.6,6.7,7,6.1,6,6.4,7.1,7.6,7.7,7.1,6.4,5.1,3.9,3,2.6,2.1,1.7,470584,32557
49340,"Worcester, MA Metro Area",706673,27071,1299,28754,6.3,4.9,8.4,8.3,11.7,18.1,14.4,17.3,6.1,4.5,9.9,67.9,4.4,7.4,30.3,16.9,8.6,19.9,12.4,6.5,7,7.5,6.2,5.5,6.1,7.5,8.3,8.5,7.5,6.1,4.8,3.3,2.6,2.3,2,2,795726,82534
49420,"Yakima, WA Metro Area",171067,2266,9835,2501,8.1,7.3,14.3,11.8,16.9,19.6,10.8,7.9,1.8,1.6,18,63.3,16.4,12.5,28.2,21,6.2,9.6,6.1,8.2,8.6,8.1,6.8,6.5,6,6.4,6,6.5,6.2,5.5,4.3,3.3,2.6,2.2,1.6,1.8,232911,40146
49620,"York-Hanover, PA Metro Area",381151,20402,673,4693,4.6,4.1,9.7,10.7,14.5,22.8,15,13,3.4,2.2,8.2,68.3,4.3,9.8,41.6,15.7,7.6,13.8,7.3,6.4,6.6,6.7,5.7,6.1,6,7,7.9,8.2,7.6,6.7,5.2,4,3.1,2.7,2.3,1.8,419563,13475
49660,"Youngstown-Warren-Boardman, OH-PA Metro Area",495361,61691,970,3253,8.8,7.5,14,12.6,16.2,19.5,10.5,7.7,1.8,1.4,14.5,59,3.7,10,43.6,18.6,6.1,12,5.9,6.1,6.4,6.9,6,5.4,5.3,6.1,6.7,7.9,7.9,7.1,5.6,4.5,3.7,3.5,3,2.5,571519,11996
49700,"Yuba City, CA Metro Area",109082,3145,2533,16286,4.9,6.9,11.8,12.3,14.4,19.8,12.6,11.7,3.5,2.2,13.1,62.8,10.2,11.3,26.1,26.1,10.2,11.4,4.8,7.5,8,7.7,7.4,7.5,6.7,6.3,6.8,6.9,6.1,5.3,4.5,3.2,2.9,2,1.6,1.3,161637,28105
49740,"Yuma, AZ Metro Area",142102,4019,2757,2011,8,7.5,15.5,14.5,16.8,18.4,9.3,7.1,1.7,1.2,17.8,54.1,15.8,13.4,28.3,23,6.5,8.2,4.8,7.3,8.5,7.7,7.4,5.3,5.3,5.5,6.4,5.9,5,4.2,4.5,4.8,4,4.7,3.1,1.5,188983,47253